4CCE1EE1 ELECTRICAL AND SEM2 000001/Prac/02,2023-01-19 13:00:00+00:00,2023-01-19 16:00:00+00:00,"Event type: Practical
Description: Electrical and Electronic Engineering 1
Location: QUAD -2.22 (NORTH)
Date: Thursday, 19 January 2023
Weeks: 22-32	
Staff: Shikh-Bahaei, Mohammad, Trotter, James, Todeschini, Grazia, Ramli, Naseem	
Zone: Strand (Main Campus)",QUAD -2.22 (NORTH)
4CCE1EE1 ELECTRICAL AND SEM2 000001/Prac/02,2023-01-26 13:00:00+00:00,2023-01-26 16:00:00+00:00,"Event type: Practical
Description: Electrical and Electronic Engineering 1
Location: QUAD -2.22 (NORTH)
Date: Thursday, 26 January 2023
Weeks: 22-32	
Staff: Shikh-Bahaei, Mohammad, Trotter, James, Todeschini, Grazia, Ramli, Naseem	
Zone: Strand (Main Campus)",QUAD -2.22 (NORTH)
4CCE1EE1 ELECTRICAL AND SEM2 000001/Prac/02,2023-02-02 13:00:00+00:00,2023-02-02 16:00:00+00:00,"Event type: Practical
Description: Electrical and Electronic Engineering 1
Location: QUAD -2.22 (NORTH)
Date: Thursday, 02 February 2023
Weeks: 22-32	
Staff: Shikh-Bahaei, Mohammad, Trotter, James, Todeschini, Grazia, Ramli, Naseem	
Zone: Strand (Main Campus)",QUAD -2.22 (NORTH)
4CCE1EE1 ELECTRICAL AND SEM2 000001/Prac/02,2023-02-09 13:00:00+00:00,2023-02-09 16:00:00+00:00,"Event type: Practical
Description: Electrical and Electronic Engineering 1
Location: QUAD -2.22 (NORTH)
Date: Thursday, 09 February 2023
Weeks: 22-32	
Staff: Shikh-Bahaei, Mohammad, Trotter, James, Todeschini, Grazia, Ramli, Naseem	
Zone: Strand (Main Campus)",QUAD -2.22 (NORTH)
4CCE1EE1 ELECTRICAL AND SEM2 000001/Prac/02,2023-02-16 13:00:00+00:00,2023-02-16 16:00:00+00:00,"Event type: Practical
Description: Electrical and Electronic Engineering 1
Location: QUAD -2.22 (NORTH)
Date: Thursday, 16 February 2023
Weeks: 22-32	
Staff: Shikh-Bahaei, Mohammad, Trotter, James, Todeschini, Grazia, Ramli, Naseem	
Zone: Strand (Main Campus)",QUAD -2.22 (NORTH)
4CCE1EE1 ELECTRICAL AND SEM2 000001/Prac/02,2023-02-23 13:00:00+00:00,2023-02-23 16:00:00+00:00,"Event type: Practical
Description: Electrical and Electronic Engineering 1
Location: QUAD -2.22 (NORTH)
Date: Thursday, 23 February 2023
Weeks: 22-32	
Staff: Shikh-Bahaei, Mohammad, Trotter, James, Todeschini, Grazia, Ramli, Naseem	
Zone: Strand (Main Campus)",QUAD -2.22 (NORTH)
4CCE1EE1 ELECTRICAL AND SEM2 000001/Prac/02,2023-03-02 13:00:00+00:00,2023-03-02 16:00:00+00:00,"Event type: Practical
Description: Electrical and Electronic Engineering 1
Location: QUAD -2.22 (NORTH)
Date: Thursday, 02 March 2023
Weeks: 22-32	
Staff: Shikh-Bahaei, Mohammad, Trotter, James, Todeschini, Grazia, Ramli, Naseem	
Zone: Strand (Main Campus)",QUAD -2.22 (NORTH)
4CCE1EE1 ELECTRICAL AND SEM2 000001/Prac/02,2023-03-09 13:00:00+00:00,2023-03-09 16:00:00+00:00,"Event type: Practical
Description: Electrical and Electronic Engineering 1
Location: QUAD -2.22 (NORTH)
Date: Thursday, 09 March 2023
Weeks: 22-32	
Staff: Shikh-Bahaei, Mohammad, Trotter, James, Todeschini, Grazia, Ramli, Naseem	
Zone: Strand (Main Campus)",QUAD -2.22 (NORTH)
4CCE1EE1 ELECTRICAL AND SEM2 000001/Prac/02,2023-03-16 13:00:00+00:00,2023-03-16 16:00:00+00:00,"Event type: Practical
Description: Electrical and Electronic Engineering 1
Location: QUAD -2.22 (NORTH)
Date: Thursday, 16 March 2023
Weeks: 22-32	
Staff: Shikh-Bahaei, Mohammad, Trotter, James, Todeschini, Grazia, Ramli, Naseem	
Zone: Strand (Main Campus)",QUAD -2.22 (NORTH)
4CCE1EE1 ELECTRICAL AND SEM2 000001/Prac/02,2023-03-23 13:00:00+00:00,2023-03-23 16:00:00+00:00,"Event type: Practical
Description: Electrical and Electronic Engineering 1
Location: QUAD -2.22 (NORTH)
Date: Thursday, 23 March 2023
Weeks: 22-32	
Staff: Shikh-Bahaei, Mohammad, Trotter, James, Todeschini, Grazia, Ramli, Naseem	
Zone: Strand (Main Campus)",QUAD -2.22 (NORTH)
4CCE1EE1 ELECTRICAL AND SEM2 000001/Prac/02,2023-03-30 12:00:00+00:00,2023-03-30 15:00:00+00:00,"Event type: Practical
Description: Electrical and Electronic Engineering 1
Location: QUAD -2.22 (NORTH)
Date: Thursday, 30 March 2023
Weeks: 22-32	
Staff: Shikh-Bahaei, Mohammad, Trotter, James, Todeschini, Grazia, Ramli, Naseem	
Zone: Strand (Main Campus)",QUAD -2.22 (NORTH)
5CCE2SAS SIGNALS AND SYS SEM2 000001/ClassTest/01,2024-02-15 12:00:00+00:00,2024-02-15 14:00:00+00:00,"Event type: Class Test
Description: Signals and Systems
Location: KINGS BLDG GREAT HALL
Date: Thursday, 15 February 2024
Weeks: 26	
Staff: Kamavuako, Ernest	
Zone: Strand King's Building",KINGS BLDG GREAT HALL
5CCE2ECM ELECTRICITY AND SEM1 000001/Tut/01,2023-09-28 08:00:00+00:00,2023-09-28 09:00:00+00:00,"Event type: Tutorial
Description: Electricity and Magnetism
Location: QUAD -1.47 (SOUTH), QUAD -1.26 (NORTH)
Date: Thursday, 28 September 2023
Weeks: 6-8, 12-17	
Staff: Todeschini, Grazia, Ainslie, Mark	
Zone: Strand (Main Campus)","QUAD -1.47 (SOUTH), QUAD -1.26 (NORTH)"
5CCE2ECM ELECTRICITY AND SEM1 000001/Tut/01,2023-10-05 08:00:00+00:00,2023-10-05 09:00:00+00:00,"Event type: Tutorial
Description: Electricity and Magnetism
Location: QUAD -1.47 (SOUTH), QUAD -1.26 (NORTH)
Date: Thursday, 05 October 2023
Weeks: 6-8, 12-17	
Staff: Todeschini, Grazia, Ainslie, Mark	
Zone: Strand (Main Campus)","QUAD -1.47 (SOUTH), QUAD -1.26 (NORTH)"
5CCE2ECM ELECTRICITY AND SEM1 000001/Tut/01,2023-10-12 08:00:00+00:00,2023-10-12 09:00:00+00:00,"Event type: Tutorial
Description: Electricity and Magnetism
Location: QUAD -1.47 (SOUTH), QUAD -1.26 (NORTH)
Date: Thursday, 12 October 2023
Weeks: 6-8, 12-17	
Staff: Todeschini, Grazia, Ainslie, Mark	
Zone: Strand (Main Campus)","QUAD -1.47 (SOUTH), QUAD -1.26 (NORTH)"
5CCE2ECM ELECTRICITY AND SEM1 000001/Tut/01,2023-11-09 09:00:00+00:00,2023-11-09 10:00:00+00:00,"Event type: Tutorial
Description: Electricity and Magnetism
Location: QUAD -1.47 (SOUTH), QUAD -1.26 (NORTH)
Date: Thursday, 09 November 2023
Weeks: 6-8, 12-17	
Staff: Todeschini, Grazia, Ainslie, Mark	
Zone: Strand (Main Campus)","QUAD -1.47 (SOUTH), QUAD -1.26 (NORTH)"
5CCE2ECM ELECTRICITY AND SEM1 000001/Tut/01,2023-11-16 09:00:00+00:00,2023-11-16 10:00:00+00:00,"Event type: Tutorial
Description: Electricity and Magnetism
Location: QUAD -1.47 (SOUTH), QUAD -1.26 (NORTH)
Date: Thursday, 16 November 2023
Weeks: 6-8, 12-17	
Staff: Todeschini, Grazia, Ainslie, Mark	
Zone: Strand (Main Campus)","QUAD -1.47 (SOUTH), QUAD -1.26 (NORTH)"
5CCE2ECM ELECTRICITY AND SEM1 000001/Tut/01,2023-11-23 09:00:00+00:00,2023-11-23 10:00:00+00:00,"Event type: Tutorial
Description: Electricity and Magnetism
Location: QUAD -1.47 (SOUTH), QUAD -1.26 (NORTH)
Date: Thursday, 23 November 2023
Weeks: 6-8, 12-17	
Staff: Todeschini, Grazia, Ainslie, Mark	
Zone: Strand (Main Campus)","QUAD -1.47 (SOUTH), QUAD -1.26 (NORTH)"
5CCE2ECM ELECTRICITY AND SEM1 000001/Tut/01,2023-11-30 09:00:00+00:00,2023-11-30 10:00:00+00:00,"Event type: Tutorial
Description: Electricity and Magnetism
Location: QUAD -1.47 (SOUTH), QUAD -1.26 (NORTH)
Date: Thursday, 30 November 2023
Weeks: 6-8, 12-17	
Staff: Todeschini, Grazia, Ainslie, Mark	
Zone: Strand (Main Campus)","QUAD -1.47 (SOUTH), QUAD -1.26 (NORTH)"
5CCE2ECM ELECTRICITY AND SEM1 000001/Tut/01,2023-12-07 09:00:00+00:00,2023-12-07 10:00:00+00:00,"Event type: Tutorial
Description: Electricity and Magnetism
Location: QUAD -1.47 (SOUTH), QUAD -1.26 (NORTH)
Date: Thursday, 07 December 2023
Weeks: 6-8, 12-17	
Staff: Todeschini, Grazia, Ainslie, Mark	
Zone: Strand (Main Campus)","QUAD -1.47 (SOUTH), QUAD -1.26 (NORTH)"
5CCE2ECM ELECTRICITY AND SEM1 000001/Tut/01,2023-12-14 09:00:00+00:00,2023-12-14 10:00:00+00:00,"Event type: Tutorial
Description: Electricity and Magnetism
Location: QUAD -1.47 (SOUTH), QUAD -1.26 (NORTH)
Date: Thursday, 14 December 2023
Weeks: 6-8, 12-17	
Staff: Todeschini, Grazia, Ainslie, Mark	
Zone: Strand (Main Campus)","QUAD -1.47 (SOUTH), QUAD -1.26 (NORTH)"
5CCE2LOD LOGIC CIRCUIT D SEM2 000001/Office Hour/01,2024-01-17 13:00:00+00:00,2024-01-17 15:00:00+00:00,"Event type: Office Hour
Description: Logic Circuit Design
Location: LECTURER'S OFFICE
Date: Wednesday, 17 January 2024
Weeks: 22-32	
Staff: Said, Fatin	
Zone: Strand (Main Campus)",LECTURER'S OFFICE
5CCE2LOD LOGIC CIRCUIT D SEM2 000001/Office Hour/01,2024-01-24 13:00:00+00:00,2024-01-24 15:00:00+00:00,"Event type: Office Hour
Description: Logic Circuit Design
Location: LECTURER'S OFFICE
Date: Wednesday, 24 January 2024
Weeks: 22-32	
Staff: Said, Fatin	
Zone: Strand (Main Campus)",LECTURER'S OFFICE
5CCE2LOD LOGIC CIRCUIT D SEM2 000001/Office Hour/01,2024-01-31 13:00:00+00:00,2024-01-31 15:00:00+00:00,"Event type: Office Hour
Description: Logic Circuit Design
Location: LECTURER'S OFFICE
Date: Wednesday, 31 January 2024
Weeks: 22-32	
Staff: Said, Fatin	
Zone: Strand (Main Campus)",LECTURER'S OFFICE
5CCE2LOD LOGIC CIRCUIT D SEM2 000001/Office Hour/01,2024-02-07 13:00:00+00:00,2024-02-07 15:00:00+00:00,"Event type: Office Hour
Description: Logic Circuit Design
Location: LECTURER'S OFFICE
Date: Wednesday, 07 February 2024
Weeks: 22-32	
Staff: Said, Fatin	
Zone: Strand (Main Campus)",LECTURER'S OFFICE
5CCE2LOD LOGIC CIRCUIT D SEM2 000001/Office Hour/01,2024-02-14 13:00:00+00:00,2024-02-14 15:00:00+00:00,"Event type: Office Hour
Description: Logic Circuit Design
Location: LECTURER'S OFFICE
Date: Wednesday, 14 February 2024
Weeks: 22-32	
Staff: Said, Fatin	
Zone: Strand (Main Campus)",LECTURER'S OFFICE
5CCE2LOD LOGIC CIRCUIT D SEM2 000001/Office Hour/01,2024-02-21 13:00:00+00:00,2024-02-21 15:00:00+00:00,"Event type: Office Hour
Description: Logic Circuit Design
Location: LECTURER'S OFFICE
Date: Wednesday, 21 February 2024
Weeks: 22-32	
Staff: Said, Fatin	
Zone: Strand (Main Campus)",LECTURER'S OFFICE
5CCE2LOD LOGIC CIRCUIT D SEM2 000001/Office Hour/01,2024-02-28 13:00:00+00:00,2024-02-28 15:00:00+00:00,"Event type: Office Hour
Description: Logic Circuit Design
Location: LECTURER'S OFFICE
Date: Wednesday, 28 February 2024
Weeks: 22-32	
Staff: Said, Fatin	
Zone: Strand (Main Campus)",LECTURER'S OFFICE
5CCE2LOD LOGIC CIRCUIT D SEM2 000001/Office Hour/01,2024-03-06 13:00:00+00:00,2024-03-06 15:00:00+00:00,"Event type: Office Hour
Description: Logic Circuit Design
Location: LECTURER'S OFFICE
Date: Wednesday, 06 March 2024
Weeks: 22-32	
Staff: Said, Fatin	
Zone: Strand (Main Campus)",LECTURER'S OFFICE
5CCE2LOD LOGIC CIRCUIT D SEM2 000001/Office Hour/01,2024-03-13 13:00:00+00:00,2024-03-13 15:00:00+00:00,"Event type: Office Hour
Description: Logic Circuit Design
Location: LECTURER'S OFFICE
Date: Wednesday, 13 March 2024
Weeks: 22-32	
Staff: Said, Fatin	
Zone: Strand (Main Campus)",LECTURER'S OFFICE
5CCE2LOD LOGIC CIRCUIT D SEM2 000001/Office Hour/01,2024-03-20 13:00:00+00:00,2024-03-20 15:00:00+00:00,"Event type: Office Hour
Description: Logic Circuit Design
Location: LECTURER'S OFFICE
Date: Wednesday, 20 March 2024
Weeks: 22-32	
Staff: Said, Fatin	
Zone: Strand (Main Campus)",LECTURER'S OFFICE
5CCE2LOD LOGIC CIRCUIT D SEM2 000001/Office Hour/01,2024-03-27 13:00:00+00:00,2024-03-27 15:00:00+00:00,"Event type: Office Hour
Description: Logic Circuit Design
Location: LECTURER'S OFFICE
Date: Wednesday, 27 March 2024
Weeks: 22-32	
Staff: Said, Fatin	
Zone: Strand (Main Campus)",LECTURER'S OFFICE
5CCE2SAS SIGNALS AND SYS SEM2 000001/Lecture/01,2024-01-16 14:00:00+00:00,2024-01-16 16:00:00+00:00,"Event type: Lecture
Description: Signals and Systems
Location: WATERLOO FWB B5
Date: Tuesday, 16 January 2024
Weeks: 22-32	
Staff: Kamavuako, Ernest	
Zone: Waterloo Franklin Wilkins",WATERLOO FWB B5
5CCE2SAS SIGNALS AND SYS SEM2 000001/Lecture/01,2024-01-23 14:00:00+00:00,2024-01-23 16:00:00+00:00,"Event type: Lecture
Description: Signals and Systems
Location: WATERLOO FWB B5
Date: Tuesday, 23 January 2024
Weeks: 22-32	
Staff: Kamavuako, Ernest	
Zone: Waterloo Franklin Wilkins",WATERLOO FWB B5
5CCE2SAS SIGNALS AND SYS SEM2 000001/Lecture/01,2024-01-30 14:00:00+00:00,2024-01-30 16:00:00+00:00,"Event type: Lecture
Description: Signals and Systems
Location: WATERLOO FWB B5
Date: Tuesday, 30 January 2024
Weeks: 22-32	
Staff: Kamavuako, Ernest	
Zone: Waterloo Franklin Wilkins",WATERLOO FWB B5
5CCE2SAS SIGNALS AND SYS SEM2 000001/Lecture/01,2024-02-06 14:00:00+00:00,2024-02-06 16:00:00+00:00,"Event type: Lecture
Description: Signals and Systems
Location: WATERLOO FWB B5
Date: Tuesday, 06 February 2024
Weeks: 22-32	
Staff: Kamavuako, Ernest	
Zone: Waterloo Franklin Wilkins",WATERLOO FWB B5
5CCE2SAS SIGNALS AND SYS SEM2 000001/Lecture/01,2024-02-13 14:00:00+00:00,2024-02-13 16:00:00+00:00,"Event type: Lecture
Description: Signals and Systems
Location: WATERLOO FWB B5
Date: Tuesday, 13 February 2024
Weeks: 22-32	
Staff: Kamavuako, Ernest	
Zone: Waterloo Franklin Wilkins",WATERLOO FWB B5
5CCE2SAS SIGNALS AND SYS SEM2 000001/Lecture/01,2024-02-20 14:00:00+00:00,2024-02-20 16:00:00+00:00,"Event type: Lecture
Description: Signals and Systems
Location: WATERLOO FWB B5
Date: Tuesday, 20 February 2024
Weeks: 22-32	
Staff: Kamavuako, Ernest	
Zone: Waterloo Franklin Wilkins",WATERLOO FWB B5
5CCE2SAS SIGNALS AND SYS SEM2 000001/Lecture/01,2024-02-27 14:00:00+00:00,2024-02-27 16:00:00+00:00,"Event type: Lecture
Description: Signals and Systems
Location: WATERLOO FWB B5
Date: Tuesday, 27 February 2024
Weeks: 22-32	
Staff: Kamavuako, Ernest	
Zone: Waterloo Franklin Wilkins",WATERLOO FWB B5
5CCE2SAS SIGNALS AND SYS SEM2 000001/Lecture/01,2024-03-05 14:00:00+00:00,2024-03-05 16:00:00+00:00,"Event type: Lecture
Description: Signals and Systems
Location: WATERLOO FWB B5
Date: Tuesday, 05 March 2024
Weeks: 22-32	
Staff: Kamavuako, Ernest	
Zone: Waterloo Franklin Wilkins",WATERLOO FWB B5
5CCE2SAS SIGNALS AND SYS SEM2 000001/Lecture/01,2024-03-12 14:00:00+00:00,2024-03-12 16:00:00+00:00,"Event type: Lecture
Description: Signals and Systems
Location: WATERLOO FWB B5
Date: Tuesday, 12 March 2024
Weeks: 22-32	
Staff: Kamavuako, Ernest	
Zone: Waterloo Franklin Wilkins",WATERLOO FWB B5
5CCE2SAS SIGNALS AND SYS SEM2 000001/Lecture/01,2024-03-19 14:00:00+00:00,2024-03-19 16:00:00+00:00,"Event type: Lecture
Description: Signals and Systems
Location: WATERLOO FWB B5
Date: Tuesday, 19 March 2024
Weeks: 22-32	
Staff: Kamavuako, Ernest	
Zone: Waterloo Franklin Wilkins",WATERLOO FWB B5
5CCE2SAS SIGNALS AND SYS SEM2 000001/Lecture/01,2024-03-26 14:00:00+00:00,2024-03-26 16:00:00+00:00,"Event type: Lecture
Description: Signals and Systems
Location: WATERLOO FWB B5
Date: Tuesday, 26 March 2024
Weeks: 22-32	
Staff: Kamavuako, Ernest	
Zone: Waterloo Franklin Wilkins",WATERLOO FWB B5
5CCE2MCT MECHATRONICS SEM2 000001/Workshop/02,2024-01-17 09:00:00+00:00,2024-01-17 11:00:00+00:00,"Event type: Workshop
Description: Mechatronics
Location: QUAD -1.26 (NORTH)
Date: Wednesday, 17 January 2024
Weeks: 22-23, 27, 30-31	
Staff: Ciriello, Francesco, Spyrakos, Emmanouil	
Zone: Strand (Main Campus)",QUAD -1.26 (NORTH)
5CCE2MCT MECHATRONICS SEM2 000001/Workshop/02,2024-01-24 09:00:00+00:00,2024-01-24 11:00:00+00:00,"Event type: Workshop
Description: Mechatronics
Location: QUAD -1.26 (NORTH)
Date: Wednesday, 24 January 2024
Weeks: 22-23, 27, 30-31	
Staff: Ciriello, Francesco, Spyrakos, Emmanouil	
Zone: Strand (Main Campus)",QUAD -1.26 (NORTH)
5CCE2MCT MECHATRONICS SEM2 000001/Workshop/02,2024-02-21 09:00:00+00:00,2024-02-21 11:00:00+00:00,"Event type: Workshop
Description: Mechatronics
Location: QUAD -1.26 (NORTH)
Date: Wednesday, 21 February 2024
Weeks: 22-23, 27, 30-31	
Staff: Ciriello, Francesco, Spyrakos, Emmanouil	
Zone: Strand (Main Campus)",QUAD -1.26 (NORTH)
5CCE2MCT MECHATRONICS SEM2 000001/Workshop/02,2024-03-13 09:00:00+00:00,2024-03-13 11:00:00+00:00,"Event type: Workshop
Description: Mechatronics
Location: QUAD -1.26 (NORTH)
Date: Wednesday, 13 March 2024
Weeks: 22-23, 27, 30-31	
Staff: Ciriello, Francesco, Spyrakos, Emmanouil	
Zone: Strand (Main Campus)",QUAD -1.26 (NORTH)
5CCE2MCT MECHATRONICS SEM2 000001/Workshop/02,2024-03-20 09:00:00+00:00,2024-03-20 11:00:00+00:00,"Event type: Workshop
Description: Mechatronics
Location: QUAD -1.26 (NORTH)
Date: Wednesday, 20 March 2024
Weeks: 22-23, 27, 30-31	
Staff: Ciriello, Francesco, Spyrakos, Emmanouil	
Zone: Strand (Main Campus)",QUAD -1.26 (NORTH)
5CCE2EMP DESIGN: EMPOWER SEM1 000001/Office Hour/01,2023-09-27 13:00:00+00:00,2023-09-27 15:00:00+00:00,"Event type: Office Hour
Description: Design: Empowerment
Location: LECTURER'S OFFICE
Date: Wednesday, 27 September 2023
Weeks: 6-10, 12-16	
Staff: Forte, Antonio	
Zone: Strand (Main Campus)",LECTURER'S OFFICE
5CCE2EMP DESIGN: EMPOWER SEM1 000001/Office Hour/01,2023-10-04 13:00:00+00:00,2023-10-04 15:00:00+00:00,"Event type: Office Hour
Description: Design: Empowerment
Location: LECTURER'S OFFICE
Date: Wednesday, 04 October 2023
Weeks: 6-10, 12-16	
Staff: Forte, Antonio	
Zone: Strand (Main Campus)",LECTURER'S OFFICE
5CCE2EMP DESIGN: EMPOWER SEM1 000001/Office Hour/01,2023-10-11 13:00:00+00:00,2023-10-11 15:00:00+00:00,"Event type: Office Hour
Description: Design: Empowerment
Location: LECTURER'S OFFICE
Date: Wednesday, 11 October 2023
Weeks: 6-10, 12-16	
Staff: Forte, Antonio	
Zone: Strand (Main Campus)",LECTURER'S OFFICE
5CCE2EMP DESIGN: EMPOWER SEM1 000001/Office Hour/01,2023-10-18 13:00:00+00:00,2023-10-18 15:00:00+00:00,"Event type: Office Hour
Description: Design: Empowerment
Location: LECTURER'S OFFICE
Date: Wednesday, 18 October 2023
Weeks: 6-10, 12-16	
Staff: Forte, Antonio	
Zone: Strand (Main Campus)",LECTURER'S OFFICE
5CCE2EMP DESIGN: EMPOWER SEM1 000001/Office Hour/01,2023-10-25 13:00:00+00:00,2023-10-25 15:00:00+00:00,"Event type: Office Hour
Description: Design: Empowerment
Location: LECTURER'S OFFICE
Date: Wednesday, 25 October 2023
Weeks: 6-10, 12-16	
Staff: Forte, Antonio	
Zone: Strand (Main Campus)",LECTURER'S OFFICE
5CCE2EMP DESIGN: EMPOWER SEM1 000001/Office Hour/01,2023-11-08 14:00:00+00:00,2023-11-08 16:00:00+00:00,"Event type: Office Hour
Description: Design: Empowerment
Location: LECTURER'S OFFICE
Date: Wednesday, 08 November 2023
Weeks: 6-10, 12-16	
Staff: Forte, Antonio	
Zone: Strand (Main Campus)",LECTURER'S OFFICE
5CCE2EMP DESIGN: EMPOWER SEM1 000001/Office Hour/01,2023-11-15 14:00:00+00:00,2023-11-15 16:00:00+00:00,"Event type: Office Hour
Description: Design: Empowerment
Location: LECTURER'S OFFICE
Date: Wednesday, 15 November 2023
Weeks: 6-10, 12-16	
Staff: Forte, Antonio	
Zone: Strand (Main Campus)",LECTURER'S OFFICE
5CCE2EMP DESIGN: EMPOWER SEM1 000001/Office Hour/01,2023-11-22 14:00:00+00:00,2023-11-22 16:00:00+00:00,"Event type: Office Hour
Description: Design: Empowerment
Location: LECTURER'S OFFICE
Date: Wednesday, 22 November 2023
Weeks: 6-10, 12-16	
Staff: Forte, Antonio	
Zone: Strand (Main Campus)",LECTURER'S OFFICE
5CCE2EMP DESIGN: EMPOWER SEM1 000001/Office Hour/01,2023-11-29 14:00:00+00:00,2023-11-29 16:00:00+00:00,"Event type: Office Hour
Description: Design: Empowerment
Location: LECTURER'S OFFICE
Date: Wednesday, 29 November 2023
Weeks: 6-10, 12-16	
Staff: Forte, Antonio	
Zone: Strand (Main Campus)",LECTURER'S OFFICE
5CCE2EMP DESIGN: EMPOWER SEM1 000001/Office Hour/01,2023-12-06 14:00:00+00:00,2023-12-06 16:00:00+00:00,"Event type: Office Hour
Description: Design: Empowerment
Location: LECTURER'S OFFICE
Date: Wednesday, 06 December 2023
Weeks: 6-10, 12-16	
Staff: Forte, Antonio	
Zone: Strand (Main Campus)",LECTURER'S OFFICE
5CCE2POE PRINCIPLES OF E SEM1 000001/Tut02/01,2023-09-25 11:00:00+00:00,2023-09-25 12:00:00+00:00,"Event type: Tutorial
Description: Principles of Electronics
Location: KINGS BLDG K1.28
Date: Monday, 25 September 2023
Weeks: 6-10, 12-16	
Staff: Hu, Yihua	
Zone: Strand King's Building",KINGS BLDG K1.28
5CCE2POE PRINCIPLES OF E SEM1 000001/Tut02/01,2023-10-02 11:00:00+00:00,2023-10-02 12:00:00+00:00,"Event type: Tutorial
Description: Principles of Electronics
Location: KINGS BLDG K1.28
Date: Monday, 02 October 2023
Weeks: 6-10, 12-16	
Staff: Hu, Yihua	
Zone: Strand King's Building",KINGS BLDG K1.28
5CCE2POE PRINCIPLES OF E SEM1 000001/Tut02/01,2023-10-09 11:00:00+00:00,2023-10-09 12:00:00+00:00,"Event type: Tutorial
Description: Principles of Electronics
Location: KINGS BLDG K1.28
Date: Monday, 09 October 2023
Weeks: 6-10, 12-16	
Staff: Hu, Yihua	
Zone: Strand King's Building",KINGS BLDG K1.28
5CCE2POE PRINCIPLES OF E SEM1 000001/Tut02/01,2023-10-16 11:00:00+00:00,2023-10-16 12:00:00+00:00,"Event type: Tutorial
Description: Principles of Electronics
Location: KINGS BLDG K1.28
Date: Monday, 16 October 2023
Weeks: 6-10, 12-16	
Staff: Hu, Yihua	
Zone: Strand King's Building",KINGS BLDG K1.28
5CCE2POE PRINCIPLES OF E SEM1 000001/Tut02/01,2023-10-23 11:00:00+00:00,2023-10-23 12:00:00+00:00,"Event type: Tutorial
Description: Principles of Electronics
Location: KINGS BLDG K1.28
Date: Monday, 23 October 2023
Weeks: 6-10, 12-16	
Staff: Hu, Yihua	
Zone: Strand King's Building",KINGS BLDG K1.28
5CCE2POE PRINCIPLES OF E SEM1 000001/Tut02/01,2023-11-06 12:00:00+00:00,2023-11-06 13:00:00+00:00,"Event type: Tutorial
Description: Principles of Electronics
Location: KINGS BLDG K1.28
Date: Monday, 06 November 2023
Weeks: 6-10, 12-16	
Staff: Hu, Yihua	
Zone: Strand King's Building",KINGS BLDG K1.28
5CCE2POE PRINCIPLES OF E SEM1 000001/Tut02/01,2023-11-13 12:00:00+00:00,2023-11-13 13:00:00+00:00,"Event type: Tutorial
Description: Principles of Electronics
Location: KINGS BLDG K1.28
Date: Monday, 13 November 2023
Weeks: 6-10, 12-16	
Staff: Hu, Yihua	
Zone: Strand King's Building",KINGS BLDG K1.28
5CCE2POE PRINCIPLES OF E SEM1 000001/Tut02/01,2023-11-20 12:00:00+00:00,2023-11-20 13:00:00+00:00,"Event type: Tutorial
Description: Principles of Electronics
Location: KINGS BLDG K1.28
Date: Monday, 20 November 2023
Weeks: 6-10, 12-16	
Staff: Hu, Yihua	
Zone: Strand King's Building",KINGS BLDG K1.28
5CCE2POE PRINCIPLES OF E SEM1 000001/Tut02/01,2023-11-27 12:00:00+00:00,2023-11-27 13:00:00+00:00,"Event type: Tutorial
Description: Principles of Electronics
Location: KINGS BLDG K1.28
Date: Monday, 27 November 2023
Weeks: 6-10, 12-16	
Staff: Hu, Yihua	
Zone: Strand King's Building",KINGS BLDG K1.28
5CCE2POE PRINCIPLES OF E SEM1 000001/Tut02/01,2023-12-04 12:00:00+00:00,2023-12-04 13:00:00+00:00,"Event type: Tutorial
Description: Principles of Electronics
Location: KINGS BLDG K1.28
Date: Monday, 04 December 2023
Weeks: 6-10, 12-16	
Staff: Hu, Yihua	
Zone: Strand King's Building",KINGS BLDG K1.28
5CCE2SAS SIGNALS AND SYS SEM2 000001/Tut/01,2024-01-19 09:00:00+00:00,2024-01-19 11:00:00+00:00,"Event type: Tutorial
Description: Signals and Systems
Location: QUAD -1.47 (SOUTH), QUAD -1.26 (NORTH)
Date: Friday, 19 January 2024
Weeks: 22-31	
Staff: Kamavuako, Ernest	
Zone: Strand (Main Campus)","QUAD -1.47 (SOUTH), QUAD -1.26 (NORTH)"
5CCE2SAS SIGNALS AND SYS SEM2 000001/Tut/01,2024-01-26 09:00:00+00:00,2024-01-26 11:00:00+00:00,"Event type: Tutorial
Description: Signals and Systems
Location: QUAD -1.47 (SOUTH), QUAD -1.26 (NORTH)
Date: Friday, 26 January 2024
Weeks: 22-31	
Staff: Kamavuako, Ernest	
Zone: Strand (Main Campus)","QUAD -1.47 (SOUTH), QUAD -1.26 (NORTH)"
5CCE2SAS SIGNALS AND SYS SEM2 000001/Tut/01,2024-02-02 09:00:00+00:00,2024-02-02 11:00:00+00:00,"Event type: Tutorial
Description: Signals and Systems
Location: QUAD -1.47 (SOUTH), QUAD -1.26 (NORTH)
Date: Friday, 02 February 2024
Weeks: 22-31	
Staff: Kamavuako, Ernest	
Zone: Strand (Main Campus)","QUAD -1.47 (SOUTH), QUAD -1.26 (NORTH)"
5CCE2SAS SIGNALS AND SYS SEM2 000001/Tut/01,2024-02-09 09:00:00+00:00,2024-02-09 11:00:00+00:00,"Event type: Tutorial
Description: Signals and Systems
Location: QUAD -1.47 (SOUTH), QUAD -1.26 (NORTH)
Date: Friday, 09 February 2024
Weeks: 22-31	
Staff: Kamavuako, Ernest	
Zone: Strand (Main Campus)","QUAD -1.47 (SOUTH), QUAD -1.26 (NORTH)"
5CCE2SAS SIGNALS AND SYS SEM2 000001/Tut/01,2024-02-16 09:00:00+00:00,2024-02-16 11:00:00+00:00,"Event type: Tutorial
Description: Signals and Systems
Location: QUAD -1.47 (SOUTH), QUAD -1.26 (NORTH)
Date: Friday, 16 February 2024
Weeks: 22-31	
Staff: Kamavuako, Ernest	
Zone: Strand (Main Campus)","QUAD -1.47 (SOUTH), QUAD -1.26 (NORTH)"
5CCE2SAS SIGNALS AND SYS SEM2 000001/Tut/01,2024-02-23 09:00:00+00:00,2024-02-23 11:00:00+00:00,"Event type: Tutorial
Description: Signals and Systems
Location: QUAD -1.47 (SOUTH), QUAD -1.26 (NORTH)
Date: Friday, 23 February 2024
Weeks: 22-31	
Staff: Kamavuako, Ernest	
Zone: Strand (Main Campus)","QUAD -1.47 (SOUTH), QUAD -1.26 (NORTH)"
5CCE2SAS SIGNALS AND SYS SEM2 000001/Tut/01,2024-03-01 09:00:00+00:00,2024-03-01 11:00:00+00:00,"Event type: Tutorial
Description: Signals and Systems
Location: QUAD -1.47 (SOUTH), QUAD -1.26 (NORTH)
Date: Friday, 01 March 2024
Weeks: 22-31	
Staff: Kamavuako, Ernest	
Zone: Strand (Main Campus)","QUAD -1.47 (SOUTH), QUAD -1.26 (NORTH)"
5CCE2SAS SIGNALS AND SYS SEM2 000001/Tut/01,2024-03-08 09:00:00+00:00,2024-03-08 11:00:00+00:00,"Event type: Tutorial
Description: Signals and Systems
Location: QUAD -1.47 (SOUTH), QUAD -1.26 (NORTH)
Date: Friday, 08 March 2024
Weeks: 22-31	
Staff: Kamavuako, Ernest	
Zone: Strand (Main Campus)","QUAD -1.47 (SOUTH), QUAD -1.26 (NORTH)"
5CCE2SAS SIGNALS AND SYS SEM2 000001/Tut/01,2024-03-15 09:00:00+00:00,2024-03-15 11:00:00+00:00,"Event type: Tutorial
Description: Signals and Systems
Location: QUAD -1.47 (SOUTH), QUAD -1.26 (NORTH)
Date: Friday, 15 March 2024
Weeks: 22-31	
Staff: Kamavuako, Ernest	
Zone: Strand (Main Campus)","QUAD -1.47 (SOUTH), QUAD -1.26 (NORTH)"
5CCE2SAS SIGNALS AND SYS SEM2 000001/Tut/01,2024-03-22 09:00:00+00:00,2024-03-22 11:00:00+00:00,"Event type: Tutorial
Description: Signals and Systems
Location: QUAD -1.47 (SOUTH), QUAD -1.26 (NORTH)
Date: Friday, 22 March 2024
Weeks: 22-31	
Staff: Kamavuako, Ernest	
Zone: Strand (Main Campus)","QUAD -1.47 (SOUTH), QUAD -1.26 (NORTH)"
5CCE2EMP DESIGN: EMPOWER SEM1 000001/Workshop02/01,2023-09-28 13:00:00+00:00,2023-09-28 16:00:00+00:00,"Event type: Workshop
Description: Design: Empowerment
Location: QUAD -1.47 (SOUTH), QUAD -1.26 (NORTH)
Date: Thursday, 28 September 2023
Weeks: 6-10, 12-16	
Staff: Gao, Yang, Berthaume, Michael, Forte, Antonio	
Zone: Strand (Main Campus)","QUAD -1.47 (SOUTH), QUAD -1.26 (NORTH)"
5CCE2EMP DESIGN: EMPOWER SEM1 000001/Workshop02/01,2023-10-05 13:00:00+00:00,2023-10-05 16:00:00+00:00,"Event type: Workshop
Description: Design: Empowerment
Location: QUAD -1.47 (SOUTH), QUAD -1.26 (NORTH)
Date: Thursday, 05 October 2023
Weeks: 6-10, 12-16	
Staff: Gao, Yang, Berthaume, Michael, Forte, Antonio	
Zone: Strand (Main Campus)","QUAD -1.47 (SOUTH), QUAD -1.26 (NORTH)"
5CCE2EMP DESIGN: EMPOWER SEM1 000001/Workshop02/01,2023-10-12 13:00:00+00:00,2023-10-12 16:00:00+00:00,"Event type: Workshop
Description: Design: Empowerment
Location: QUAD -1.47 (SOUTH), QUAD -1.26 (NORTH)
Date: Thursday, 12 October 2023
Weeks: 6-10, 12-16	
Staff: Gao, Yang, Berthaume, Michael, Forte, Antonio	
Zone: Strand (Main Campus)","QUAD -1.47 (SOUTH), QUAD -1.26 (NORTH)"
5CCE2EMP DESIGN: EMPOWER SEM1 000001/Workshop02/01,2023-10-19 13:00:00+00:00,2023-10-19 16:00:00+00:00,"Event type: Workshop
Description: Design: Empowerment
Location: QUAD -1.47 (SOUTH), QUAD -1.26 (NORTH)
Date: Thursday, 19 October 2023
Weeks: 6-10, 12-16	
Staff: Gao, Yang, Berthaume, Michael, Forte, Antonio	
Zone: Strand (Main Campus)","QUAD -1.47 (SOUTH), QUAD -1.26 (NORTH)"
5CCE2EMP DESIGN: EMPOWER SEM1 000001/Workshop02/01,2023-10-26 13:00:00+00:00,2023-10-26 16:00:00+00:00,"Event type: Workshop
Description: Design: Empowerment
Location: QUAD -1.47 (SOUTH), QUAD -1.26 (NORTH)
Date: Thursday, 26 October 2023
Weeks: 6-10, 12-16	
Staff: Gao, Yang, Berthaume, Michael, Forte, Antonio	
Zone: Strand (Main Campus)","QUAD -1.47 (SOUTH), QUAD -1.26 (NORTH)"
5CCE2EMP DESIGN: EMPOWER SEM1 000001/Workshop02/01,2023-11-09 14:00:00+00:00,2023-11-09 17:00:00+00:00,"Event type: Workshop
Description: Design: Empowerment
Location: QUAD -1.47 (SOUTH), QUAD -1.26 (NORTH)
Date: Thursday, 09 November 2023
Weeks: 6-10, 12-16	
Staff: Gao, Yang, Berthaume, Michael, Forte, Antonio	
Zone: Strand (Main Campus)","QUAD -1.47 (SOUTH), QUAD -1.26 (NORTH)"
5CCE2EMP DESIGN: EMPOWER SEM1 000001/Workshop02/01,2023-11-16 14:00:00+00:00,2023-11-16 17:00:00+00:00,"Event type: Workshop
Description: Design: Empowerment
Location: QUAD -1.47 (SOUTH), QUAD -1.26 (NORTH)
Date: Thursday, 16 November 2023
Weeks: 6-10, 12-16	
Staff: Gao, Yang, Berthaume, Michael, Forte, Antonio	
Zone: Strand (Main Campus)","QUAD -1.47 (SOUTH), QUAD -1.26 (NORTH)"
5CCE2EMP DESIGN: EMPOWER SEM1 000001/Workshop02/01,2023-11-23 14:00:00+00:00,2023-11-23 17:00:00+00:00,"Event type: Workshop
Description: Design: Empowerment
Location: QUAD -1.47 (SOUTH), QUAD -1.26 (NORTH)
Date: Thursday, 23 November 2023
Weeks: 6-10, 12-16	
Staff: Gao, Yang, Berthaume, Michael, Forte, Antonio	
Zone: Strand (Main Campus)","QUAD -1.47 (SOUTH), QUAD -1.26 (NORTH)"
5CCE2EMP DESIGN: EMPOWER SEM1 000001/Workshop02/01,2023-11-30 14:00:00+00:00,2023-11-30 17:00:00+00:00,"Event type: Workshop
Description: Design: Empowerment
Location: QUAD -1.47 (SOUTH), QUAD -1.26 (NORTH)
Date: Thursday, 30 November 2023
Weeks: 6-10, 12-16	
Staff: Gao, Yang, Berthaume, Michael, Forte, Antonio	
Zone: Strand (Main Campus)","QUAD -1.47 (SOUTH), QUAD -1.26 (NORTH)"
5CCE2EMP DESIGN: EMPOWER SEM1 000001/Workshop02/01,2023-12-07 14:00:00+00:00,2023-12-07 17:00:00+00:00,"Event type: Workshop
Description: Design: Empowerment
Location: QUAD -1.47 (SOUTH), QUAD -1.26 (NORTH)
Date: Thursday, 07 December 2023
Weeks: 6-10, 12-16	
Staff: Gao, Yang, Berthaume, Michael, Forte, Antonio	
Zone: Strand (Main Campus)","QUAD -1.47 (SOUTH), QUAD -1.26 (NORTH)"
5CCE2ENG DESIGN: ENGAGEM SEM2 000001/Drop in/01,2024-01-17 09:00:00+00:00,2024-01-17 12:00:00+00:00,"Event type: Drop in
Description: Design: Engagement
Location: QUAD -1.47 (SOUTH)
Date: Wednesday, 17 January 2024
Weeks: 22-32	
Staff: Liu, Wei, Dahlin, Jon-Erik	
Zone: Strand (Main Campus)",QUAD -1.47 (SOUTH)
5CCE2ENG DESIGN: ENGAGEM SEM2 000001/Drop in/01,2024-01-24 09:00:00+00:00,2024-01-24 12:00:00+00:00,"Event type: Drop in
Description: Design: Engagement
Location: QUAD -1.47 (SOUTH)
Date: Wednesday, 24 January 2024
Weeks: 22-32	
Staff: Liu, Wei, Dahlin, Jon-Erik	
Zone: Strand (Main Campus)",QUAD -1.47 (SOUTH)
5CCE2ENG DESIGN: ENGAGEM SEM2 000001/Drop in/01,2024-01-31 09:00:00+00:00,2024-01-31 12:00:00+00:00,"Event type: Drop in
Description: Design: Engagement
Location: QUAD -1.47 (SOUTH)
Date: Wednesday, 31 January 2024
Weeks: 22-32	
Staff: Liu, Wei, Dahlin, Jon-Erik	
Zone: Strand (Main Campus)",QUAD -1.47 (SOUTH)
5CCE2ENG DESIGN: ENGAGEM SEM2 000001/Drop in/01,2024-02-07 09:00:00+00:00,2024-02-07 12:00:00+00:00,"Event type: Drop in
Description: Design: Engagement
Location: QUAD -1.47 (SOUTH)
Date: Wednesday, 07 February 2024
Weeks: 22-32	
Staff: Liu, Wei, Dahlin, Jon-Erik	
Zone: Strand (Main Campus)",QUAD -1.47 (SOUTH)
5CCE2ENG DESIGN: ENGAGEM SEM2 000001/Drop in/01,2024-02-14 09:00:00+00:00,2024-02-14 12:00:00+00:00,"Event type: Drop in
Description: Design: Engagement
Location: QUAD -1.47 (SOUTH)
Date: Wednesday, 14 February 2024
Weeks: 22-32	
Staff: Liu, Wei, Dahlin, Jon-Erik	
Zone: Strand (Main Campus)",QUAD -1.47 (SOUTH)
5CCE2ENG DESIGN: ENGAGEM SEM2 000001/Drop in/01,2024-02-21 09:00:00+00:00,2024-02-21 12:00:00+00:00,"Event type: Drop in
Description: Design: Engagement
Location: QUAD -1.47 (SOUTH)
Date: Wednesday, 21 February 2024
Weeks: 22-32	
Staff: Liu, Wei, Dahlin, Jon-Erik	
Zone: Strand (Main Campus)",QUAD -1.47 (SOUTH)
5CCE2ENG DESIGN: ENGAGEM SEM2 000001/Drop in/01,2024-02-28 09:00:00+00:00,2024-02-28 12:00:00+00:00,"Event type: Drop in
Description: Design: Engagement
Location: QUAD -1.47 (SOUTH)
Date: Wednesday, 28 February 2024
Weeks: 22-32	
Staff: Liu, Wei, Dahlin, Jon-Erik	
Zone: Strand (Main Campus)",QUAD -1.47 (SOUTH)
5CCE2ENG DESIGN: ENGAGEM SEM2 000001/Drop in/01,2024-03-06 09:00:00+00:00,2024-03-06 12:00:00+00:00,"Event type: Drop in
Description: Design: Engagement
Location: QUAD -1.47 (SOUTH)
Date: Wednesday, 06 March 2024
Weeks: 22-32	
Staff: Liu, Wei, Dahlin, Jon-Erik	
Zone: Strand (Main Campus)",QUAD -1.47 (SOUTH)
5CCE2ENG DESIGN: ENGAGEM SEM2 000001/Drop in/01,2024-03-13 09:00:00+00:00,2024-03-13 12:00:00+00:00,"Event type: Drop in
Description: Design: Engagement
Location: QUAD -1.47 (SOUTH)
Date: Wednesday, 13 March 2024
Weeks: 22-32	
Staff: Liu, Wei, Dahlin, Jon-Erik	
Zone: Strand (Main Campus)",QUAD -1.47 (SOUTH)
5CCE2ENG DESIGN: ENGAGEM SEM2 000001/Drop in/01,2024-03-20 09:00:00+00:00,2024-03-20 12:00:00+00:00,"Event type: Drop in
Description: Design: Engagement
Location: QUAD -1.47 (SOUTH)
Date: Wednesday, 20 March 2024
Weeks: 22-32	
Staff: Liu, Wei, Dahlin, Jon-Erik	
Zone: Strand (Main Campus)",QUAD -1.47 (SOUTH)
5CCE2ENG DESIGN: ENGAGEM SEM2 000001/Drop in/01,2024-03-27 09:00:00+00:00,2024-03-27 12:00:00+00:00,"Event type: Drop in
Description: Design: Engagement
Location: QUAD -1.47 (SOUTH)
Date: Wednesday, 27 March 2024
Weeks: 22-32	
Staff: Liu, Wei, Dahlin, Jon-Erik	
Zone: Strand (Main Campus)",QUAD -1.47 (SOUTH)
CCE YEAR 2 PERSONAL TUTOR/34,2023-10-02 12:00:00+00:00,2023-10-02 13:00:00+00:00,"Event type: Small Group
Description: Personal Tutor Meeting
Location: Bush House (SE) 2.06
Date: Monday, 02 October 2023
Weeks: 7, 26	
Staff: Simeone, Osvaldo	
Zone: Bush House",Bush House (SE) 2.06
CCE YEAR 2 PERSONAL TUTOR/34,2024-02-12 13:00:00+00:00,2024-02-12 14:00:00+00:00,"Event type: Small Group
Description: Personal Tutor Meeting
Location: Bush House (SE) 2.06
Date: Monday, 12 February 2024
Weeks: 7, 26	
Staff: Simeone, Osvaldo	
Zone: Bush House",Bush House (SE) 2.06
5CCE2ENG DESIGN: ENGAGEM SEM2 000001/Workshop/01,2024-01-16 09:00:00+00:00,2024-01-16 12:00:00+00:00,"Event type: Workshop
Description: Design: Engagement
Location: QUAD -1.47 (SOUTH), QUAD -1.26 (NORTH)
Date: Tuesday, 16 January 2024
Weeks: 22-32	
Staff: Liu, Wei, Dahlin, Jon-Erik	
Zone: Strand (Main Campus)","QUAD -1.47 (SOUTH), QUAD -1.26 (NORTH)"
5CCE2ENG DESIGN: ENGAGEM SEM2 000001/Workshop/01,2024-01-23 09:00:00+00:00,2024-01-23 12:00:00+00:00,"Event type: Workshop
Description: Design: Engagement
Location: QUAD -1.47 (SOUTH), QUAD -1.26 (NORTH)
Date: Tuesday, 23 January 2024
Weeks: 22-32	
Staff: Liu, Wei, Dahlin, Jon-Erik	
Zone: Strand (Main Campus)","QUAD -1.47 (SOUTH), QUAD -1.26 (NORTH)"
5CCE2ENG DESIGN: ENGAGEM SEM2 000001/Workshop/01,2024-01-30 09:00:00+00:00,2024-01-30 12:00:00+00:00,"Event type: Workshop
Description: Design: Engagement
Location: QUAD -1.47 (SOUTH), QUAD -1.26 (NORTH)
Date: Tuesday, 30 January 2024
Weeks: 22-32	
Staff: Liu, Wei, Dahlin, Jon-Erik	
Zone: Strand (Main Campus)","QUAD -1.47 (SOUTH), QUAD -1.26 (NORTH)"
5CCE2ENG DESIGN: ENGAGEM SEM2 000001/Workshop/01,2024-02-06 09:00:00+00:00,2024-02-06 12:00:00+00:00,"Event type: Workshop
Description: Design: Engagement
Location: QUAD -1.47 (SOUTH), QUAD -1.26 (NORTH)
Date: Tuesday, 06 February 2024
Weeks: 22-32	
Staff: Liu, Wei, Dahlin, Jon-Erik	
Zone: Strand (Main Campus)","QUAD -1.47 (SOUTH), QUAD -1.26 (NORTH)"
5CCE2ENG DESIGN: ENGAGEM SEM2 000001/Workshop/01,2024-02-13 09:00:00+00:00,2024-02-13 12:00:00+00:00,"Event type: Workshop
Description: Design: Engagement
Location: QUAD -1.47 (SOUTH), QUAD -1.26 (NORTH)
Date: Tuesday, 13 February 2024
Weeks: 22-32	
Staff: Liu, Wei, Dahlin, Jon-Erik	
Zone: Strand (Main Campus)","QUAD -1.47 (SOUTH), QUAD -1.26 (NORTH)"
5CCE2ENG DESIGN: ENGAGEM SEM2 000001/Workshop/01,2024-02-20 09:00:00+00:00,2024-02-20 12:00:00+00:00,"Event type: Workshop
Description: Design: Engagement
Location: QUAD -1.47 (SOUTH), QUAD -1.26 (NORTH)
Date: Tuesday, 20 February 2024
Weeks: 22-32	
Staff: Liu, Wei, Dahlin, Jon-Erik	
Zone: Strand (Main Campus)","QUAD -1.47 (SOUTH), QUAD -1.26 (NORTH)"
5CCE2ENG DESIGN: ENGAGEM SEM2 000001/Workshop/01,2024-02-27 09:00:00+00:00,2024-02-27 12:00:00+00:00,"Event type: Workshop
Description: Design: Engagement
Location: QUAD -1.47 (SOUTH), QUAD -1.26 (NORTH)
Date: Tuesday, 27 February 2024
Weeks: 22-32	
Staff: Liu, Wei, Dahlin, Jon-Erik	
Zone: Strand (Main Campus)","QUAD -1.47 (SOUTH), QUAD -1.26 (NORTH)"
5CCE2ENG DESIGN: ENGAGEM SEM2 000001/Workshop/01,2024-03-05 09:00:00+00:00,2024-03-05 12:00:00+00:00,"Event type: Workshop
Description: Design: Engagement
Location: QUAD -1.47 (SOUTH), QUAD -1.26 (NORTH)
Date: Tuesday, 05 March 2024
Weeks: 22-32	
Staff: Liu, Wei, Dahlin, Jon-Erik	
Zone: Strand (Main Campus)","QUAD -1.47 (SOUTH), QUAD -1.26 (NORTH)"
5CCE2ENG DESIGN: ENGAGEM SEM2 000001/Workshop/01,2024-03-12 09:00:00+00:00,2024-03-12 12:00:00+00:00,"Event type: Workshop
Description: Design: Engagement
Location: QUAD -1.47 (SOUTH), QUAD -1.26 (NORTH)
Date: Tuesday, 12 March 2024
Weeks: 22-32	
Staff: Liu, Wei, Dahlin, Jon-Erik	
Zone: Strand (Main Campus)","QUAD -1.47 (SOUTH), QUAD -1.26 (NORTH)"
5CCE2ENG DESIGN: ENGAGEM SEM2 000001/Workshop/01,2024-03-19 09:00:00+00:00,2024-03-19 12:00:00+00:00,"Event type: Workshop
Description: Design: Engagement
Location: QUAD -1.47 (SOUTH), QUAD -1.26 (NORTH)
Date: Tuesday, 19 March 2024
Weeks: 22-32	
Staff: Liu, Wei, Dahlin, Jon-Erik	
Zone: Strand (Main Campus)","QUAD -1.47 (SOUTH), QUAD -1.26 (NORTH)"
5CCE2ENG DESIGN: ENGAGEM SEM2 000001/Workshop/01,2024-03-26 09:00:00+00:00,2024-03-26 12:00:00+00:00,"Event type: Workshop
Description: Design: Engagement
Location: QUAD -1.47 (SOUTH), QUAD -1.26 (NORTH)
Date: Tuesday, 26 March 2024
Weeks: 22-32	
Staff: Liu, Wei, Dahlin, Jon-Erik	
Zone: Strand (Main Campus)","QUAD -1.47 (SOUTH), QUAD -1.26 (NORTH)"
5CCE2POE PRINCIPLES OF E SEM1 000001/Lecture01/01,2023-09-29 10:00:00+00:00,2023-09-29 12:00:00+00:00,"Event type: Lecture
Description: Principles of Electronics
Location: STRAND BLDG S-1.27
Date: Friday, 29 September 2023
Weeks: 6-10, 12-16	
Staff: Hu, Yihua	
Zone: Strand Building",STRAND BLDG S-1.27
5CCE2POE PRINCIPLES OF E SEM1 000001/Lecture01/01,2023-10-06 10:00:00+00:00,2023-10-06 12:00:00+00:00,"Event type: Lecture
Description: Principles of Electronics
Location: STRAND BLDG S-1.27
Date: Friday, 06 October 2023
Weeks: 6-10, 12-16	
Staff: Hu, Yihua	
Zone: Strand Building",STRAND BLDG S-1.27
5CCE2POE PRINCIPLES OF E SEM1 000001/Lecture01/01,2023-10-13 10:00:00+00:00,2023-10-13 12:00:00+00:00,"Event type: Lecture
Description: Principles of Electronics
Location: STRAND BLDG S-1.27
Date: Friday, 13 October 2023
Weeks: 6-10, 12-16	
Staff: Hu, Yihua	
Zone: Strand Building",STRAND BLDG S-1.27
5CCE2POE PRINCIPLES OF E SEM1 000001/Lecture01/01,2023-10-20 10:00:00+00:00,2023-10-20 12:00:00+00:00,"Event type: Lecture
Description: Principles of Electronics
Location: STRAND BLDG S-1.27
Date: Friday, 20 October 2023
Weeks: 6-10, 12-16	
Staff: Hu, Yihua	
Zone: Strand Building",STRAND BLDG S-1.27
5CCE2POE PRINCIPLES OF E SEM1 000001/Lecture01/01,2023-10-27 10:00:00+00:00,2023-10-27 12:00:00+00:00,"Event type: Lecture
Description: Principles of Electronics
Location: STRAND BLDG S-1.27
Date: Friday, 27 October 2023
Weeks: 6-10, 12-16	
Staff: Hu, Yihua	
Zone: Strand Building",STRAND BLDG S-1.27
5CCE2POE PRINCIPLES OF E SEM1 000001/Lecture01/01,2023-11-10 11:00:00+00:00,2023-11-10 13:00:00+00:00,"Event type: Lecture
Description: Principles of Electronics
Location: STRAND BLDG S-1.27
Date: Friday, 10 November 2023
Weeks: 6-10, 12-16	
Staff: Hu, Yihua	
Zone: Strand Building",STRAND BLDG S-1.27
5CCE2POE PRINCIPLES OF E SEM1 000001/Lecture01/01,2023-11-17 11:00:00+00:00,2023-11-17 13:00:00+00:00,"Event type: Lecture
Description: Principles of Electronics
Location: STRAND BLDG S-1.27
Date: Friday, 17 November 2023
Weeks: 6-10, 12-16	
Staff: Hu, Yihua	
Zone: Strand Building",STRAND BLDG S-1.27
5CCE2POE PRINCIPLES OF E SEM1 000001/Lecture01/01,2023-11-24 11:00:00+00:00,2023-11-24 13:00:00+00:00,"Event type: Lecture
Description: Principles of Electronics
Location: STRAND BLDG S-1.27
Date: Friday, 24 November 2023
Weeks: 6-10, 12-16	
Staff: Hu, Yihua	
Zone: Strand Building",STRAND BLDG S-1.27
5CCE2POE PRINCIPLES OF E SEM1 000001/Lecture01/01,2023-12-01 11:00:00+00:00,2023-12-01 13:00:00+00:00,"Event type: Lecture
Description: Principles of Electronics
Location: STRAND BLDG S-1.27
Date: Friday, 01 December 2023
Weeks: 6-10, 12-16	
Staff: Hu, Yihua	
Zone: Strand Building",STRAND BLDG S-1.27
5CCE2POE PRINCIPLES OF E SEM1 000001/Lecture01/01,2023-12-08 11:00:00+00:00,2023-12-08 13:00:00+00:00,"Event type: Lecture
Description: Principles of Electronics
Location: STRAND BLDG S-1.27
Date: Friday, 08 December 2023
Weeks: 6-10, 12-16	
Staff: Hu, Yihua	
Zone: Strand Building",STRAND BLDG S-1.27
5CCE2ENM ENGINEERING MAT SEM1 000001/Office Hour/01,2023-09-27 12:00:00+00:00,2023-09-27 14:00:00+00:00,"Event type: Office Hour
Description: Engineering Mathematics
Location: LECTURER'S OFFICE
Date: Wednesday, 27 September 2023
Weeks: 6-10, 12-17	
Staff: Lam, Hak-Keung	
Zone: Strand (Main Campus)",LECTURER'S OFFICE
5CCE2ENM ENGINEERING MAT SEM1 000001/Office Hour/01,2023-10-04 12:00:00+00:00,2023-10-04 14:00:00+00:00,"Event type: Office Hour
Description: Engineering Mathematics
Location: LECTURER'S OFFICE
Date: Wednesday, 04 October 2023
Weeks: 6-10, 12-17	
Staff: Lam, Hak-Keung	
Zone: Strand (Main Campus)",LECTURER'S OFFICE
5CCE2ENM ENGINEERING MAT SEM1 000001/Office Hour/01,2023-10-11 12:00:00+00:00,2023-10-11 14:00:00+00:00,"Event type: Office Hour
Description: Engineering Mathematics
Location: LECTURER'S OFFICE
Date: Wednesday, 11 October 2023
Weeks: 6-10, 12-17	
Staff: Lam, Hak-Keung	
Zone: Strand (Main Campus)",LECTURER'S OFFICE
5CCE2ENM ENGINEERING MAT SEM1 000001/Office Hour/01,2023-10-18 12:00:00+00:00,2023-10-18 14:00:00+00:00,"Event type: Office Hour
Description: Engineering Mathematics
Location: LECTURER'S OFFICE
Date: Wednesday, 18 October 2023
Weeks: 6-10, 12-17	
Staff: Lam, Hak-Keung	
Zone: Strand (Main Campus)",LECTURER'S OFFICE
5CCE2ENM ENGINEERING MAT SEM1 000001/Office Hour/01,2023-10-25 12:00:00+00:00,2023-10-25 14:00:00+00:00,"Event type: Office Hour
Description: Engineering Mathematics
Location: LECTURER'S OFFICE
Date: Wednesday, 25 October 2023
Weeks: 6-10, 12-17	
Staff: Lam, Hak-Keung	
Zone: Strand (Main Campus)",LECTURER'S OFFICE
5CCE2ENM ENGINEERING MAT SEM1 000001/Office Hour/01,2023-11-08 13:00:00+00:00,2023-11-08 15:00:00+00:00,"Event type: Office Hour
Description: Engineering Mathematics
Location: LECTURER'S OFFICE
Date: Wednesday, 08 November 2023
Weeks: 6-10, 12-17	
Staff: Lam, Hak-Keung	
Zone: Strand (Main Campus)",LECTURER'S OFFICE
5CCE2ENM ENGINEERING MAT SEM1 000001/Office Hour/01,2023-11-15 13:00:00+00:00,2023-11-15 15:00:00+00:00,"Event type: Office Hour
Description: Engineering Mathematics
Location: LECTURER'S OFFICE
Date: Wednesday, 15 November 2023
Weeks: 6-10, 12-17	
Staff: Lam, Hak-Keung	
Zone: Strand (Main Campus)",LECTURER'S OFFICE
5CCE2ENM ENGINEERING MAT SEM1 000001/Office Hour/01,2023-11-22 13:00:00+00:00,2023-11-22 15:00:00+00:00,"Event type: Office Hour
Description: Engineering Mathematics
Location: LECTURER'S OFFICE
Date: Wednesday, 22 November 2023
Weeks: 6-10, 12-17	
Staff: Lam, Hak-Keung	
Zone: Strand (Main Campus)",LECTURER'S OFFICE
5CCE2ENM ENGINEERING MAT SEM1 000001/Office Hour/01,2023-11-29 13:00:00+00:00,2023-11-29 15:00:00+00:00,"Event type: Office Hour
Description: Engineering Mathematics
Location: LECTURER'S OFFICE
Date: Wednesday, 29 November 2023
Weeks: 6-10, 12-17	
Staff: Lam, Hak-Keung	
Zone: Strand (Main Campus)",LECTURER'S OFFICE
5CCE2ENM ENGINEERING MAT SEM1 000001/Office Hour/01,2023-12-06 13:00:00+00:00,2023-12-06 15:00:00+00:00,"Event type: Office Hour
Description: Engineering Mathematics
Location: LECTURER'S OFFICE
Date: Wednesday, 06 December 2023
Weeks: 6-10, 12-17	
Staff: Lam, Hak-Keung	
Zone: Strand (Main Campus)",LECTURER'S OFFICE
5CCE2ENM ENGINEERING MAT SEM1 000001/Office Hour/01,2023-12-13 13:00:00+00:00,2023-12-13 15:00:00+00:00,"Event type: Office Hour
Description: Engineering Mathematics
Location: LECTURER'S OFFICE
Date: Wednesday, 13 December 2023
Weeks: 6-10, 12-17	
Staff: Lam, Hak-Keung	
Zone: Strand (Main Campus)",LECTURER'S OFFICE
5CCE2MCT MECHATRONICS SEM2 000001/Office Hour/01,2024-01-17 15:00:00+00:00,2024-01-17 17:00:00+00:00,"Event type: Office Hour
Description: Mechatronics
Location: LECTURER'S OFFICE
Date: Wednesday, 17 January 2024
Weeks: 22-32	
Staff: Ciriello, Francesco	
Zone: Strand (Main Campus)",LECTURER'S OFFICE
5CCE2MCT MECHATRONICS SEM2 000001/Office Hour/01,2024-01-24 15:00:00+00:00,2024-01-24 17:00:00+00:00,"Event type: Office Hour
Description: Mechatronics
Location: LECTURER'S OFFICE
Date: Wednesday, 24 January 2024
Weeks: 22-32	
Staff: Ciriello, Francesco	
Zone: Strand (Main Campus)",LECTURER'S OFFICE
5CCE2MCT MECHATRONICS SEM2 000001/Office Hour/01,2024-01-31 15:00:00+00:00,2024-01-31 17:00:00+00:00,"Event type: Office Hour
Description: Mechatronics
Location: LECTURER'S OFFICE
Date: Wednesday, 31 January 2024
Weeks: 22-32	
Staff: Ciriello, Francesco	
Zone: Strand (Main Campus)",LECTURER'S OFFICE
5CCE2MCT MECHATRONICS SEM2 000001/Office Hour/01,2024-02-07 15:00:00+00:00,2024-02-07 17:00:00+00:00,"Event type: Office Hour
Description: Mechatronics
Location: LECTURER'S OFFICE
Date: Wednesday, 07 February 2024
Weeks: 22-32	
Staff: Ciriello, Francesco	
Zone: Strand (Main Campus)",LECTURER'S OFFICE
5CCE2MCT MECHATRONICS SEM2 000001/Office Hour/01,2024-02-14 15:00:00+00:00,2024-02-14 17:00:00+00:00,"Event type: Office Hour
Description: Mechatronics
Location: LECTURER'S OFFICE
Date: Wednesday, 14 February 2024
Weeks: 22-32	
Staff: Ciriello, Francesco	
Zone: Strand (Main Campus)",LECTURER'S OFFICE
5CCE2MCT MECHATRONICS SEM2 000001/Office Hour/01,2024-02-21 15:00:00+00:00,2024-02-21 17:00:00+00:00,"Event type: Office Hour
Description: Mechatronics
Location: LECTURER'S OFFICE
Date: Wednesday, 21 February 2024
Weeks: 22-32	
Staff: Ciriello, Francesco	
Zone: Strand (Main Campus)",LECTURER'S OFFICE
5CCE2MCT MECHATRONICS SEM2 000001/Office Hour/01,2024-02-28 15:00:00+00:00,2024-02-28 17:00:00+00:00,"Event type: Office Hour
Description: Mechatronics
Location: LECTURER'S OFFICE
Date: Wednesday, 28 February 2024
Weeks: 22-32	
Staff: Ciriello, Francesco	
Zone: Strand (Main Campus)",LECTURER'S OFFICE
5CCE2MCT MECHATRONICS SEM2 000001/Office Hour/01,2024-03-06 15:00:00+00:00,2024-03-06 17:00:00+00:00,"Event type: Office Hour
Description: Mechatronics
Location: LECTURER'S OFFICE
Date: Wednesday, 06 March 2024
Weeks: 22-32	
Staff: Ciriello, Francesco	
Zone: Strand (Main Campus)",LECTURER'S OFFICE
5CCE2MCT MECHATRONICS SEM2 000001/Office Hour/01,2024-03-13 15:00:00+00:00,2024-03-13 17:00:00+00:00,"Event type: Office Hour
Description: Mechatronics
Location: LECTURER'S OFFICE
Date: Wednesday, 13 March 2024
Weeks: 22-32	
Staff: Ciriello, Francesco	
Zone: Strand (Main Campus)",LECTURER'S OFFICE
5CCE2MCT MECHATRONICS SEM2 000001/Office Hour/01,2024-03-20 15:00:00+00:00,2024-03-20 17:00:00+00:00,"Event type: Office Hour
Description: Mechatronics
Location: LECTURER'S OFFICE
Date: Wednesday, 20 March 2024
Weeks: 22-32	
Staff: Ciriello, Francesco	
Zone: Strand (Main Campus)",LECTURER'S OFFICE
5CCE2MCT MECHATRONICS SEM2 000001/Office Hour/01,2024-03-27 15:00:00+00:00,2024-03-27 17:00:00+00:00,"Event type: Office Hour
Description: Mechatronics
Location: LECTURER'S OFFICE
Date: Wednesday, 27 March 2024
Weeks: 22-32	
Staff: Ciriello, Francesco	
Zone: Strand (Main Campus)",LECTURER'S OFFICE
5CCE2LOD LOGIC CIRCUIT D SEM2 000001/ClassTest/01,2024-02-15 09:00:00+00:00,2024-02-15 11:00:00+00:00,"Event type: Class Test
Description: Logic Circuit Design
Location: KINGS BLDG GREAT HALL
Date: Thursday, 15 February 2024
Weeks: 26, 31	
Staff: Said, Fatin	
Zone: Strand King's Building",KINGS BLDG GREAT HALL
5CCE2LOD LOGIC CIRCUIT D SEM2 000001/ClassTest/01,2024-03-21 09:00:00+00:00,2024-03-21 11:00:00+00:00,"Event type: Class Test
Description: Logic Circuit Design
Location: KINGS BLDG GREAT HALL
Date: Thursday, 21 March 2024
Weeks: 26, 31	
Staff: Said, Fatin	
Zone: Strand King's Building",KINGS BLDG GREAT HALL
5CCE2LOD LOGIC CIRCUIT D SEM2 000001/Tut/01,2024-01-19 17:00:00+00:00,2024-01-19 18:00:00+00:00,"Event type: Tutorial
Description: Logic Circuit Design
Location: STRAND BLDG S-2.18
Date: Friday, 19 January 2024
Weeks: 22-31	
Staff: Said, Fatin	
Zone: Strand Building",STRAND BLDG S-2.18
5CCE2LOD LOGIC CIRCUIT D SEM2 000001/Tut/01,2024-01-26 17:00:00+00:00,2024-01-26 18:00:00+00:00,"Event type: Tutorial
Description: Logic Circuit Design
Location: STRAND BLDG S-2.18
Date: Friday, 26 January 2024
Weeks: 22-31	
Staff: Said, Fatin	
Zone: Strand Building",STRAND BLDG S-2.18
5CCE2LOD LOGIC CIRCUIT D SEM2 000001/Tut/01,2024-02-02 17:00:00+00:00,2024-02-02 18:00:00+00:00,"Event type: Tutorial
Description: Logic Circuit Design
Location: STRAND BLDG S-2.18
Date: Friday, 02 February 2024
Weeks: 22-31	
Staff: Said, Fatin	
Zone: Strand Building",STRAND BLDG S-2.18
5CCE2LOD LOGIC CIRCUIT D SEM2 000001/Tut/01,2024-02-09 17:00:00+00:00,2024-02-09 18:00:00+00:00,"Event type: Tutorial
Description: Logic Circuit Design
Location: STRAND BLDG S-2.18
Date: Friday, 09 February 2024
Weeks: 22-31	
Staff: Said, Fatin	
Zone: Strand Building",STRAND BLDG S-2.18
5CCE2LOD LOGIC CIRCUIT D SEM2 000001/Tut/01,2024-02-16 17:00:00+00:00,2024-02-16 18:00:00+00:00,"Event type: Tutorial
Description: Logic Circuit Design
Location: STRAND BLDG S-2.18
Date: Friday, 16 February 2024
Weeks: 22-31	
Staff: Said, Fatin	
Zone: Strand Building",STRAND BLDG S-2.18
5CCE2LOD LOGIC CIRCUIT D SEM2 000001/Tut/01,2024-02-23 17:00:00+00:00,2024-02-23 18:00:00+00:00,"Event type: Tutorial
Description: Logic Circuit Design
Location: STRAND BLDG S-2.18
Date: Friday, 23 February 2024
Weeks: 22-31	
Staff: Said, Fatin	
Zone: Strand Building",STRAND BLDG S-2.18
5CCE2LOD LOGIC CIRCUIT D SEM2 000001/Tut/01,2024-03-01 17:00:00+00:00,2024-03-01 18:00:00+00:00,"Event type: Tutorial
Description: Logic Circuit Design
Location: STRAND BLDG S-2.18
Date: Friday, 01 March 2024
Weeks: 22-31	
Staff: Said, Fatin	
Zone: Strand Building",STRAND BLDG S-2.18
5CCE2LOD LOGIC CIRCUIT D SEM2 000001/Tut/01,2024-03-08 17:00:00+00:00,2024-03-08 18:00:00+00:00,"Event type: Tutorial
Description: Logic Circuit Design
Location: STRAND BLDG S-2.18
Date: Friday, 08 March 2024
Weeks: 22-31	
Staff: Said, Fatin	
Zone: Strand Building",STRAND BLDG S-2.18
5CCE2LOD LOGIC CIRCUIT D SEM2 000001/Tut/01,2024-03-15 17:00:00+00:00,2024-03-15 18:00:00+00:00,"Event type: Tutorial
Description: Logic Circuit Design
Location: STRAND BLDG S-2.18
Date: Friday, 15 March 2024
Weeks: 22-31	
Staff: Said, Fatin	
Zone: Strand Building",STRAND BLDG S-2.18
5CCE2LOD LOGIC CIRCUIT D SEM2 000001/Tut/01,2024-03-22 17:00:00+00:00,2024-03-22 18:00:00+00:00,"Event type: Tutorial
Description: Logic Circuit Design
Location: STRAND BLDG S-2.18
Date: Friday, 22 March 2024
Weeks: 22-31	
Staff: Said, Fatin	
Zone: Strand Building",STRAND BLDG S-2.18
5CCE2POE PRINCIPLES OF E SEM1 000001/Office Hour/01,2024-01-17 13:00:00+00:00,2024-01-17 15:00:00+00:00,"Event type: Office Hour
Description: Principles of Electronics
Location: LECTURER'S OFFICE
Date: Wednesday, 17 January 2024
Weeks: 22-32	
Staff: Hu, Yihua	
Zone: Strand (Main Campus)",LECTURER'S OFFICE
5CCE2POE PRINCIPLES OF E SEM1 000001/Office Hour/01,2024-01-24 13:00:00+00:00,2024-01-24 15:00:00+00:00,"Event type: Office Hour
Description: Principles of Electronics
Location: LECTURER'S OFFICE
Date: Wednesday, 24 January 2024
Weeks: 22-32	
Staff: Hu, Yihua	
Zone: Strand (Main Campus)",LECTURER'S OFFICE
5CCE2POE PRINCIPLES OF E SEM1 000001/Office Hour/01,2024-01-31 13:00:00+00:00,2024-01-31 15:00:00+00:00,"Event type: Office Hour
Description: Principles of Electronics
Location: LECTURER'S OFFICE
Date: Wednesday, 31 January 2024
Weeks: 22-32	
Staff: Hu, Yihua	
Zone: Strand (Main Campus)",LECTURER'S OFFICE
5CCE2POE PRINCIPLES OF E SEM1 000001/Office Hour/01,2024-02-07 13:00:00+00:00,2024-02-07 15:00:00+00:00,"Event type: Office Hour
Description: Principles of Electronics
Location: LECTURER'S OFFICE
Date: Wednesday, 07 February 2024
Weeks: 22-32	
Staff: Hu, Yihua	
Zone: Strand (Main Campus)",LECTURER'S OFFICE
5CCE2POE PRINCIPLES OF E SEM1 000001/Office Hour/01,2024-02-14 13:00:00+00:00,2024-02-14 15:00:00+00:00,"Event type: Office Hour
Description: Principles of Electronics
Location: LECTURER'S OFFICE
Date: Wednesday, 14 February 2024
Weeks: 22-32	
Staff: Hu, Yihua	
Zone: Strand (Main Campus)",LECTURER'S OFFICE
5CCE2POE PRINCIPLES OF E SEM1 000001/Office Hour/01,2024-02-21 13:00:00+00:00,2024-02-21 15:00:00+00:00,"Event type: Office Hour
Description: Principles of Electronics
Location: LECTURER'S OFFICE
Date: Wednesday, 21 February 2024
Weeks: 22-32	
Staff: Hu, Yihua	
Zone: Strand (Main Campus)",LECTURER'S OFFICE
5CCE2POE PRINCIPLES OF E SEM1 000001/Office Hour/01,2024-02-28 13:00:00+00:00,2024-02-28 15:00:00+00:00,"Event type: Office Hour
Description: Principles of Electronics
Location: LECTURER'S OFFICE
Date: Wednesday, 28 February 2024
Weeks: 22-32	
Staff: Hu, Yihua	
Zone: Strand (Main Campus)",LECTURER'S OFFICE
5CCE2POE PRINCIPLES OF E SEM1 000001/Office Hour/01,2024-03-06 13:00:00+00:00,2024-03-06 15:00:00+00:00,"Event type: Office Hour
Description: Principles of Electronics
Location: LECTURER'S OFFICE
Date: Wednesday, 06 March 2024
Weeks: 22-32	
Staff: Hu, Yihua	
Zone: Strand (Main Campus)",LECTURER'S OFFICE
5CCE2POE PRINCIPLES OF E SEM1 000001/Office Hour/01,2024-03-13 13:00:00+00:00,2024-03-13 15:00:00+00:00,"Event type: Office Hour
Description: Principles of Electronics
Location: LECTURER'S OFFICE
Date: Wednesday, 13 March 2024
Weeks: 22-32	
Staff: Hu, Yihua	
Zone: Strand (Main Campus)",LECTURER'S OFFICE
5CCE2POE PRINCIPLES OF E SEM1 000001/Office Hour/01,2024-03-20 13:00:00+00:00,2024-03-20 15:00:00+00:00,"Event type: Office Hour
Description: Principles of Electronics
Location: LECTURER'S OFFICE
Date: Wednesday, 20 March 2024
Weeks: 22-32	
Staff: Hu, Yihua	
Zone: Strand (Main Campus)",LECTURER'S OFFICE
5CCE2POE PRINCIPLES OF E SEM1 000001/Office Hour/01,2024-03-27 13:00:00+00:00,2024-03-27 15:00:00+00:00,"Event type: Office Hour
Description: Principles of Electronics
Location: LECTURER'S OFFICE
Date: Wednesday, 27 March 2024
Weeks: 22-32	
Staff: Hu, Yihua	
Zone: Strand (Main Campus)",LECTURER'S OFFICE
5CCE2LOD LOGIC CIRCUIT D SEM2 000001/Lecture/01,2024-01-12 14:00:00+00:00,2024-01-12 16:00:00+00:00,"Event type: Lecture
Description: Logic Circuit Design
Location: KINGS BLDG K6.29 (Anatomy Lecture Theatre)
Date: Friday, 12 January 2024
Weeks: 21-31	
Staff: Said, Fatin	
Zone: Strand King's Building",KINGS BLDG K6.29 (Anatomy Lecture Theatre)
5CCE2LOD LOGIC CIRCUIT D SEM2 000001/Lecture/01,2024-01-19 14:00:00+00:00,2024-01-19 16:00:00+00:00,"Event type: Lecture
Description: Logic Circuit Design
Location: KINGS BLDG K6.29 (Anatomy Lecture Theatre)
Date: Friday, 19 January 2024
Weeks: 21-31	
Staff: Said, Fatin	
Zone: Strand King's Building",KINGS BLDG K6.29 (Anatomy Lecture Theatre)
5CCE2LOD LOGIC CIRCUIT D SEM2 000001/Lecture/01,2024-01-26 14:00:00+00:00,2024-01-26 16:00:00+00:00,"Event type: Lecture
Description: Logic Circuit Design
Location: KINGS BLDG K6.29 (Anatomy Lecture Theatre)
Date: Friday, 26 January 2024
Weeks: 21-31	
Staff: Said, Fatin	
Zone: Strand King's Building",KINGS BLDG K6.29 (Anatomy Lecture Theatre)
5CCE2LOD LOGIC CIRCUIT D SEM2 000001/Lecture/01,2024-02-02 14:00:00+00:00,2024-02-02 16:00:00+00:00,"Event type: Lecture
Description: Logic Circuit Design
Location: KINGS BLDG K6.29 (Anatomy Lecture Theatre)
Date: Friday, 02 February 2024
Weeks: 21-31	
Staff: Said, Fatin	
Zone: Strand King's Building",KINGS BLDG K6.29 (Anatomy Lecture Theatre)
5CCE2LOD LOGIC CIRCUIT D SEM2 000001/Lecture/01,2024-02-09 14:00:00+00:00,2024-02-09 16:00:00+00:00,"Event type: Lecture
Description: Logic Circuit Design
Location: KINGS BLDG K6.29 (Anatomy Lecture Theatre)
Date: Friday, 09 February 2024
Weeks: 21-31	
Staff: Said, Fatin	
Zone: Strand King's Building",KINGS BLDG K6.29 (Anatomy Lecture Theatre)
5CCE2LOD LOGIC CIRCUIT D SEM2 000001/Lecture/01,2024-02-16 14:00:00+00:00,2024-02-16 16:00:00+00:00,"Event type: Lecture
Description: Logic Circuit Design
Location: KINGS BLDG K6.29 (Anatomy Lecture Theatre)
Date: Friday, 16 February 2024
Weeks: 21-31	
Staff: Said, Fatin	
Zone: Strand King's Building",KINGS BLDG K6.29 (Anatomy Lecture Theatre)
5CCE2LOD LOGIC CIRCUIT D SEM2 000001/Lecture/01,2024-02-23 14:00:00+00:00,2024-02-23 16:00:00+00:00,"Event type: Lecture
Description: Logic Circuit Design
Location: KINGS BLDG K6.29 (Anatomy Lecture Theatre)
Date: Friday, 23 February 2024
Weeks: 21-31	
Staff: Said, Fatin	
Zone: Strand King's Building",KINGS BLDG K6.29 (Anatomy Lecture Theatre)
5CCE2LOD LOGIC CIRCUIT D SEM2 000001/Lecture/01,2024-03-01 14:00:00+00:00,2024-03-01 16:00:00+00:00,"Event type: Lecture
Description: Logic Circuit Design
Location: KINGS BLDG K6.29 (Anatomy Lecture Theatre)
Date: Friday, 01 March 2024
Weeks: 21-31	
Staff: Said, Fatin	
Zone: Strand King's Building",KINGS BLDG K6.29 (Anatomy Lecture Theatre)
5CCE2LOD LOGIC CIRCUIT D SEM2 000001/Lecture/01,2024-03-08 14:00:00+00:00,2024-03-08 16:00:00+00:00,"Event type: Lecture
Description: Logic Circuit Design
Location: KINGS BLDG K6.29 (Anatomy Lecture Theatre)
Date: Friday, 08 March 2024
Weeks: 21-31	
Staff: Said, Fatin	
Zone: Strand King's Building",KINGS BLDG K6.29 (Anatomy Lecture Theatre)
5CCE2LOD LOGIC CIRCUIT D SEM2 000001/Lecture/01,2024-03-15 14:00:00+00:00,2024-03-15 16:00:00+00:00,"Event type: Lecture
Description: Logic Circuit Design
Location: KINGS BLDG K6.29 (Anatomy Lecture Theatre)
Date: Friday, 15 March 2024
Weeks: 21-31	
Staff: Said, Fatin	
Zone: Strand King's Building",KINGS BLDG K6.29 (Anatomy Lecture Theatre)
5CCE2LOD LOGIC CIRCUIT D SEM2 000001/Lecture/01,2024-03-22 14:00:00+00:00,2024-03-22 16:00:00+00:00,"Event type: Lecture
Description: Logic Circuit Design
Location: KINGS BLDG K6.29 (Anatomy Lecture Theatre)
Date: Friday, 22 March 2024
Weeks: 21-31	
Staff: Said, Fatin	
Zone: Strand King's Building",KINGS BLDG K6.29 (Anatomy Lecture Theatre)
5CCE2ECM ELECTRICITY AND SEM1 000001/Drop in/01,2023-10-09 08:00:00+00:00,2023-10-09 09:00:00+00:00,"Event type: Drop in
Location: QUAD -2.22 (NORTH)
Date: Monday, 09 October 2023
Weeks: 8, 12, 16, 22, 26, 30	
Zone: Strand (Main Campus)",QUAD -2.22 (NORTH)
5CCE2ECM ELECTRICITY AND SEM1 000001/Drop in/01,2023-11-06 09:00:00+00:00,2023-11-06 10:00:00+00:00,"Event type: Drop in
Location: QUAD -2.22 (NORTH)
Date: Monday, 06 November 2023
Weeks: 8, 12, 16, 22, 26, 30	
Zone: Strand (Main Campus)",QUAD -2.22 (NORTH)
5CCE2ECM ELECTRICITY AND SEM1 000001/Drop in/01,2023-12-04 09:00:00+00:00,2023-12-04 10:00:00+00:00,"Event type: Drop in
Location: QUAD -2.22 (NORTH)
Date: Monday, 04 December 2023
Weeks: 8, 12, 16, 22, 26, 30	
Zone: Strand (Main Campus)",QUAD -2.22 (NORTH)
5CCE2ECM ELECTRICITY AND SEM1 000001/Drop in/01,2024-01-15 09:00:00+00:00,2024-01-15 10:00:00+00:00,"Event type: Drop in
Location: QUAD -2.22 (NORTH)
Date: Monday, 15 January 2024
Weeks: 8, 12, 16, 22, 26, 30	
Zone: Strand (Main Campus)",QUAD -2.22 (NORTH)
5CCE2ECM ELECTRICITY AND SEM1 000001/Drop in/01,2024-02-12 09:00:00+00:00,2024-02-12 10:00:00+00:00,"Event type: Drop in
Location: QUAD -2.22 (NORTH)
Date: Monday, 12 February 2024
Weeks: 8, 12, 16, 22, 26, 30	
Zone: Strand (Main Campus)",QUAD -2.22 (NORTH)
5CCE2ECM ELECTRICITY AND SEM1 000001/Drop in/01,2024-03-11 09:00:00+00:00,2024-03-11 10:00:00+00:00,"Event type: Drop in
Location: QUAD -2.22 (NORTH)
Date: Monday, 11 March 2024
Weeks: 8, 12, 16, 22, 26, 30	
Zone: Strand (Main Campus)",QUAD -2.22 (NORTH)
5CCE2SAS SIGNALS AND SYS SEM2 000001/Office Hour/01,2024-01-17 13:00:00+00:00,2024-01-17 15:00:00+00:00,"Event type: Office Hour
Description: Signals and Systems
Location: LECTURER'S OFFICE
Date: Wednesday, 17 January 2024
Weeks: 22-32	
Staff: Kamavuako, Ernest	
Zone: Strand (Main Campus)",LECTURER'S OFFICE
5CCE2SAS SIGNALS AND SYS SEM2 000001/Office Hour/01,2024-01-24 13:00:00+00:00,2024-01-24 15:00:00+00:00,"Event type: Office Hour
Description: Signals and Systems
Location: LECTURER'S OFFICE
Date: Wednesday, 24 January 2024
Weeks: 22-32	
Staff: Kamavuako, Ernest	
Zone: Strand (Main Campus)",LECTURER'S OFFICE
5CCE2SAS SIGNALS AND SYS SEM2 000001/Office Hour/01,2024-01-31 13:00:00+00:00,2024-01-31 15:00:00+00:00,"Event type: Office Hour
Description: Signals and Systems
Location: LECTURER'S OFFICE
Date: Wednesday, 31 January 2024
Weeks: 22-32	
Staff: Kamavuako, Ernest	
Zone: Strand (Main Campus)",LECTURER'S OFFICE
5CCE2SAS SIGNALS AND SYS SEM2 000001/Office Hour/01,2024-02-07 13:00:00+00:00,2024-02-07 15:00:00+00:00,"Event type: Office Hour
Description: Signals and Systems
Location: LECTURER'S OFFICE
Date: Wednesday, 07 February 2024
Weeks: 22-32	
Staff: Kamavuako, Ernest	
Zone: Strand (Main Campus)",LECTURER'S OFFICE
5CCE2SAS SIGNALS AND SYS SEM2 000001/Office Hour/01,2024-02-14 13:00:00+00:00,2024-02-14 15:00:00+00:00,"Event type: Office Hour
Description: Signals and Systems
Location: LECTURER'S OFFICE
Date: Wednesday, 14 February 2024
Weeks: 22-32	
Staff: Kamavuako, Ernest	
Zone: Strand (Main Campus)",LECTURER'S OFFICE
5CCE2SAS SIGNALS AND SYS SEM2 000001/Office Hour/01,2024-02-21 13:00:00+00:00,2024-02-21 15:00:00+00:00,"Event type: Office Hour
Description: Signals and Systems
Location: LECTURER'S OFFICE
Date: Wednesday, 21 February 2024
Weeks: 22-32	
Staff: Kamavuako, Ernest	
Zone: Strand (Main Campus)",LECTURER'S OFFICE
5CCE2SAS SIGNALS AND SYS SEM2 000001/Office Hour/01,2024-02-28 13:00:00+00:00,2024-02-28 15:00:00+00:00,"Event type: Office Hour
Description: Signals and Systems
Location: LECTURER'S OFFICE
Date: Wednesday, 28 February 2024
Weeks: 22-32	
Staff: Kamavuako, Ernest	
Zone: Strand (Main Campus)",LECTURER'S OFFICE
5CCE2SAS SIGNALS AND SYS SEM2 000001/Office Hour/01,2024-03-06 13:00:00+00:00,2024-03-06 15:00:00+00:00,"Event type: Office Hour
Description: Signals and Systems
Location: LECTURER'S OFFICE
Date: Wednesday, 06 March 2024
Weeks: 22-32	
Staff: Kamavuako, Ernest	
Zone: Strand (Main Campus)",LECTURER'S OFFICE
5CCE2SAS SIGNALS AND SYS SEM2 000001/Office Hour/01,2024-03-13 13:00:00+00:00,2024-03-13 15:00:00+00:00,"Event type: Office Hour
Description: Signals and Systems
Location: LECTURER'S OFFICE
Date: Wednesday, 13 March 2024
Weeks: 22-32	
Staff: Kamavuako, Ernest	
Zone: Strand (Main Campus)",LECTURER'S OFFICE
5CCE2SAS SIGNALS AND SYS SEM2 000001/Office Hour/01,2024-03-20 13:00:00+00:00,2024-03-20 15:00:00+00:00,"Event type: Office Hour
Description: Signals and Systems
Location: LECTURER'S OFFICE
Date: Wednesday, 20 March 2024
Weeks: 22-32	
Staff: Kamavuako, Ernest	
Zone: Strand (Main Campus)",LECTURER'S OFFICE
5CCE2SAS SIGNALS AND SYS SEM2 000001/Office Hour/01,2024-03-27 13:00:00+00:00,2024-03-27 15:00:00+00:00,"Event type: Office Hour
Description: Signals and Systems
Location: LECTURER'S OFFICE
Date: Wednesday, 27 March 2024
Weeks: 22-32	
Staff: Kamavuako, Ernest	
Zone: Strand (Main Campus)",LECTURER'S OFFICE
5CCE2MCT MECHATRONICS SEM2 000001/Lecture01/01,2024-01-15 14:00:00+00:00,2024-01-15 15:00:00+00:00,"Event type: Lecture
Description: Mechatronics
Location: STRAND BLDG S-2.18
Date: Monday, 15 January 2024
Weeks: 22-24, 27, 30	
Staff: Spyrakos, Emmanouil, Ciriello, Francesco	
Zone: Strand Building",STRAND BLDG S-2.18
5CCE2MCT MECHATRONICS SEM2 000001/Lecture01/01,2024-01-22 14:00:00+00:00,2024-01-22 15:00:00+00:00,"Event type: Lecture
Description: Mechatronics
Location: STRAND BLDG S-2.18
Date: Monday, 22 January 2024
Weeks: 22-24, 27, 30	
Staff: Spyrakos, Emmanouil, Ciriello, Francesco	
Zone: Strand Building",STRAND BLDG S-2.18
5CCE2MCT MECHATRONICS SEM2 000001/Lecture01/01,2024-01-29 14:00:00+00:00,2024-01-29 15:00:00+00:00,"Event type: Lecture
Description: Mechatronics
Location: STRAND BLDG S-2.18
Date: Monday, 29 January 2024
Weeks: 22-24, 27, 30	
Staff: Spyrakos, Emmanouil, Ciriello, Francesco	
Zone: Strand Building",STRAND BLDG S-2.18
5CCE2MCT MECHATRONICS SEM2 000001/Lecture01/01,2024-02-19 14:00:00+00:00,2024-02-19 15:00:00+00:00,"Event type: Lecture
Description: Mechatronics
Location: STRAND BLDG S-2.18
Date: Monday, 19 February 2024
Weeks: 22-24, 27, 30	
Staff: Spyrakos, Emmanouil, Ciriello, Francesco	
Zone: Strand Building",STRAND BLDG S-2.18
5CCE2MCT MECHATRONICS SEM2 000001/Lecture01/01,2024-03-11 14:00:00+00:00,2024-03-11 15:00:00+00:00,"Event type: Lecture
Description: Mechatronics
Location: STRAND BLDG S-2.18
Date: Monday, 11 March 2024
Weeks: 22-24, 27, 30	
Staff: Spyrakos, Emmanouil, Ciriello, Francesco	
Zone: Strand Building",STRAND BLDG S-2.18
5CCE2POE PRINCIPLES OF E SEM1 000001/Prac/02,2023-10-09 15:00:00+00:00,2023-10-09 17:00:00+00:00,"Event type: Practical
Description: Principles of Electronics
Location: QUAD -1.47 (SOUTH)
Date: Monday, 09 October 2023
Weeks: 8, 10, 14-15	
Staff: Hu, Yihua	
Zone: Strand (Main Campus)",QUAD -1.47 (SOUTH)
5CCE2POE PRINCIPLES OF E SEM1 000001/Prac/02,2023-10-23 15:00:00+00:00,2023-10-23 17:00:00+00:00,"Event type: Practical
Description: Principles of Electronics
Location: QUAD -1.47 (SOUTH)
Date: Monday, 23 October 2023
Weeks: 8, 10, 14-15	
Staff: Hu, Yihua	
Zone: Strand (Main Campus)",QUAD -1.47 (SOUTH)
5CCE2POE PRINCIPLES OF E SEM1 000001/Prac/02,2023-11-20 16:00:00+00:00,2023-11-20 18:00:00+00:00,"Event type: Practical
Description: Principles of Electronics
Location: QUAD -1.47 (SOUTH)
Date: Monday, 20 November 2023
Weeks: 8, 10, 14-15	
Staff: Hu, Yihua	
Zone: Strand (Main Campus)",QUAD -1.47 (SOUTH)
5CCE2POE PRINCIPLES OF E SEM1 000001/Prac/02,2023-11-27 16:00:00+00:00,2023-11-27 18:00:00+00:00,"Event type: Practical
Description: Principles of Electronics
Location: QUAD -1.47 (SOUTH)
Date: Monday, 27 November 2023
Weeks: 8, 10, 14-15	
Staff: Hu, Yihua	
Zone: Strand (Main Campus)",QUAD -1.47 (SOUTH)
5CCE2ECM ELECTRICITY AND SEM1 000001/Prac/01,2023-10-17 11:00:00+00:00,2023-10-17 13:00:00+00:00,"Event type: Practical
Description: Electricity and Magnetism
Location: QUAD -1.26 (NORTH)
Date: Tuesday, 17 October 2023
Weeks: 9-11	
Staff: Ainslie, Mark, Todeschini, Grazia	
Zone: Strand (Main Campus)",QUAD -1.26 (NORTH)
5CCE2ECM ELECTRICITY AND SEM1 000001/Prac/01,2023-10-24 11:00:00+00:00,2023-10-24 13:00:00+00:00,"Event type: Practical
Description: Electricity and Magnetism
Location: QUAD -1.26 (NORTH)
Date: Tuesday, 24 October 2023
Weeks: 9-11	
Staff: Ainslie, Mark, Todeschini, Grazia	
Zone: Strand (Main Campus)",QUAD -1.26 (NORTH)
5CCE2ECM ELECTRICITY AND SEM1 000001/Prac/01,2023-10-31 12:00:00+00:00,2023-10-31 14:00:00+00:00,"Event type: Practical
Description: Electricity and Magnetism
Location: QUAD -1.26 (NORTH)
Date: Tuesday, 31 October 2023
Weeks: 9-11	
Staff: Ainslie, Mark, Todeschini, Grazia	
Zone: Strand (Main Campus)",QUAD -1.26 (NORTH)
5CCE2MCT MECHATRONICS SEM2 000001/Tut/02,2024-01-31 09:00:00+00:00,2024-01-31 11:00:00+00:00,"Event type: Tutorial
Description: Mechatronics
Location: QUAD -1.26 (NORTH)
Date: Wednesday, 31 January 2024
Weeks: 24-26, 28-29	
Staff: Ciriello, Francesco, Spyrakos, Emmanouil	
Zone: Strand (Main Campus)",QUAD -1.26 (NORTH)
5CCE2MCT MECHATRONICS SEM2 000001/Tut/02,2024-02-07 09:00:00+00:00,2024-02-07 11:00:00+00:00,"Event type: Tutorial
Description: Mechatronics
Location: QUAD -1.26 (NORTH)
Date: Wednesday, 07 February 2024
Weeks: 24-26, 28-29	
Staff: Ciriello, Francesco, Spyrakos, Emmanouil	
Zone: Strand (Main Campus)",QUAD -1.26 (NORTH)
5CCE2MCT MECHATRONICS SEM2 000001/Tut/02,2024-02-14 09:00:00+00:00,2024-02-14 11:00:00+00:00,"Event type: Tutorial
Description: Mechatronics
Location: QUAD -1.26 (NORTH)
Date: Wednesday, 14 February 2024
Weeks: 24-26, 28-29	
Staff: Ciriello, Francesco, Spyrakos, Emmanouil	
Zone: Strand (Main Campus)",QUAD -1.26 (NORTH)
5CCE2MCT MECHATRONICS SEM2 000001/Tut/02,2024-02-28 09:00:00+00:00,2024-02-28 11:00:00+00:00,"Event type: Tutorial
Description: Mechatronics
Location: QUAD -1.26 (NORTH)
Date: Wednesday, 28 February 2024
Weeks: 24-26, 28-29	
Staff: Ciriello, Francesco, Spyrakos, Emmanouil	
Zone: Strand (Main Campus)",QUAD -1.26 (NORTH)
5CCE2MCT MECHATRONICS SEM2 000001/Tut/02,2024-03-06 09:00:00+00:00,2024-03-06 11:00:00+00:00,"Event type: Tutorial
Description: Mechatronics
Location: QUAD -1.26 (NORTH)
Date: Wednesday, 06 March 2024
Weeks: 24-26, 28-29	
Staff: Ciriello, Francesco, Spyrakos, Emmanouil	
Zone: Strand (Main Campus)",QUAD -1.26 (NORTH)
5CCE2ENG DESIGN: ENGAGEM SEM2 000001/Office Hour/01,2024-01-18 11:00:00+00:00,2024-01-18 13:00:00+00:00,"Event type: Office Hour
Description: Design: Engagement
Location: LECTURER'S OFFICE
Date: Thursday, 18 January 2024
Weeks: 22-32	
Staff: Liu, Wei	
Zone: Strand (Main Campus)",LECTURER'S OFFICE
5CCE2ENG DESIGN: ENGAGEM SEM2 000001/Office Hour/01,2024-01-25 11:00:00+00:00,2024-01-25 13:00:00+00:00,"Event type: Office Hour
Description: Design: Engagement
Location: LECTURER'S OFFICE
Date: Thursday, 25 January 2024
Weeks: 22-32	
Staff: Liu, Wei	
Zone: Strand (Main Campus)",LECTURER'S OFFICE
5CCE2ENG DESIGN: ENGAGEM SEM2 000001/Office Hour/01,2024-02-01 11:00:00+00:00,2024-02-01 13:00:00+00:00,"Event type: Office Hour
Description: Design: Engagement
Location: LECTURER'S OFFICE
Date: Thursday, 01 February 2024
Weeks: 22-32	
Staff: Liu, Wei	
Zone: Strand (Main Campus)",LECTURER'S OFFICE
5CCE2ENG DESIGN: ENGAGEM SEM2 000001/Office Hour/01,2024-02-08 11:00:00+00:00,2024-02-08 13:00:00+00:00,"Event type: Office Hour
Description: Design: Engagement
Location: LECTURER'S OFFICE
Date: Thursday, 08 February 2024
Weeks: 22-32	
Staff: Liu, Wei	
Zone: Strand (Main Campus)",LECTURER'S OFFICE
5CCE2ENG DESIGN: ENGAGEM SEM2 000001/Office Hour/01,2024-02-15 11:00:00+00:00,2024-02-15 13:00:00+00:00,"Event type: Office Hour
Description: Design: Engagement
Location: LECTURER'S OFFICE
Date: Thursday, 15 February 2024
Weeks: 22-32	
Staff: Liu, Wei	
Zone: Strand (Main Campus)",LECTURER'S OFFICE
5CCE2ENG DESIGN: ENGAGEM SEM2 000001/Office Hour/01,2024-02-22 11:00:00+00:00,2024-02-22 13:00:00+00:00,"Event type: Office Hour
Description: Design: Engagement
Location: LECTURER'S OFFICE
Date: Thursday, 22 February 2024
Weeks: 22-32	
Staff: Liu, Wei	
Zone: Strand (Main Campus)",LECTURER'S OFFICE
5CCE2ENG DESIGN: ENGAGEM SEM2 000001/Office Hour/01,2024-02-29 11:00:00+00:00,2024-02-29 13:00:00+00:00,"Event type: Office Hour
Description: Design: Engagement
Location: LECTURER'S OFFICE
Date: Thursday, 29 February 2024
Weeks: 22-32	
Staff: Liu, Wei	
Zone: Strand (Main Campus)",LECTURER'S OFFICE
5CCE2ENG DESIGN: ENGAGEM SEM2 000001/Office Hour/01,2024-03-07 11:00:00+00:00,2024-03-07 13:00:00+00:00,"Event type: Office Hour
Description: Design: Engagement
Location: LECTURER'S OFFICE
Date: Thursday, 07 March 2024
Weeks: 22-32	
Staff: Liu, Wei	
Zone: Strand (Main Campus)",LECTURER'S OFFICE
5CCE2ENG DESIGN: ENGAGEM SEM2 000001/Office Hour/01,2024-03-14 11:00:00+00:00,2024-03-14 13:00:00+00:00,"Event type: Office Hour
Description: Design: Engagement
Location: LECTURER'S OFFICE
Date: Thursday, 14 March 2024
Weeks: 22-32	
Staff: Liu, Wei	
Zone: Strand (Main Campus)",LECTURER'S OFFICE
5CCE2ENG DESIGN: ENGAGEM SEM2 000001/Office Hour/01,2024-03-21 11:00:00+00:00,2024-03-21 13:00:00+00:00,"Event type: Office Hour
Description: Design: Engagement
Location: LECTURER'S OFFICE
Date: Thursday, 21 March 2024
Weeks: 22-32	
Staff: Liu, Wei	
Zone: Strand (Main Campus)",LECTURER'S OFFICE
5CCE2ENG DESIGN: ENGAGEM SEM2 000001/Office Hour/01,2024-03-28 11:00:00+00:00,2024-03-28 13:00:00+00:00,"Event type: Office Hour
Description: Design: Engagement
Location: LECTURER'S OFFICE
Date: Thursday, 28 March 2024
Weeks: 22-32	
Staff: Liu, Wei	
Zone: Strand (Main Campus)",LECTURER'S OFFICE
5CCE2ECM ELECTRICITY AND SEM1 000001/Office Hour/01,2023-09-27 13:00:00+00:00,2023-09-27 15:00:00+00:00,"Event type: Office Hour
Description: Electricity and Magnetism
Location: LECTURER'S OFFICE
Date: Wednesday, 27 September 2023
Weeks: 6-10, 12-16	
Staff: Todeschini, Grazia, Ainslie, Mark	
Zone: Strand (Main Campus)",LECTURER'S OFFICE
5CCE2ECM ELECTRICITY AND SEM1 000001/Office Hour/01,2023-10-04 13:00:00+00:00,2023-10-04 15:00:00+00:00,"Event type: Office Hour
Description: Electricity and Magnetism
Location: LECTURER'S OFFICE
Date: Wednesday, 04 October 2023
Weeks: 6-10, 12-16	
Staff: Todeschini, Grazia, Ainslie, Mark	
Zone: Strand (Main Campus)",LECTURER'S OFFICE
5CCE2ECM ELECTRICITY AND SEM1 000001/Office Hour/01,2023-10-11 13:00:00+00:00,2023-10-11 15:00:00+00:00,"Event type: Office Hour
Description: Electricity and Magnetism
Location: LECTURER'S OFFICE
Date: Wednesday, 11 October 2023
Weeks: 6-10, 12-16	
Staff: Todeschini, Grazia, Ainslie, Mark	
Zone: Strand (Main Campus)",LECTURER'S OFFICE
5CCE2ECM ELECTRICITY AND SEM1 000001/Office Hour/01,2023-10-18 13:00:00+00:00,2023-10-18 15:00:00+00:00,"Event type: Office Hour
Description: Electricity and Magnetism
Location: LECTURER'S OFFICE
Date: Wednesday, 18 October 2023
Weeks: 6-10, 12-16	
Staff: Todeschini, Grazia, Ainslie, Mark	
Zone: Strand (Main Campus)",LECTURER'S OFFICE
5CCE2ECM ELECTRICITY AND SEM1 000001/Office Hour/01,2023-10-25 13:00:00+00:00,2023-10-25 15:00:00+00:00,"Event type: Office Hour
Description: Electricity and Magnetism
Location: LECTURER'S OFFICE
Date: Wednesday, 25 October 2023
Weeks: 6-10, 12-16	
Staff: Todeschini, Grazia, Ainslie, Mark	
Zone: Strand (Main Campus)",LECTURER'S OFFICE
5CCE2ECM ELECTRICITY AND SEM1 000001/Office Hour/01,2023-11-08 14:00:00+00:00,2023-11-08 16:00:00+00:00,"Event type: Office Hour
Description: Electricity and Magnetism
Location: LECTURER'S OFFICE
Date: Wednesday, 08 November 2023
Weeks: 6-10, 12-16	
Staff: Todeschini, Grazia, Ainslie, Mark	
Zone: Strand (Main Campus)",LECTURER'S OFFICE
5CCE2ECM ELECTRICITY AND SEM1 000001/Office Hour/01,2023-11-15 14:00:00+00:00,2023-11-15 16:00:00+00:00,"Event type: Office Hour
Description: Electricity and Magnetism
Location: LECTURER'S OFFICE
Date: Wednesday, 15 November 2023
Weeks: 6-10, 12-16	
Staff: Todeschini, Grazia, Ainslie, Mark	
Zone: Strand (Main Campus)",LECTURER'S OFFICE
5CCE2ECM ELECTRICITY AND SEM1 000001/Office Hour/01,2023-11-22 14:00:00+00:00,2023-11-22 16:00:00+00:00,"Event type: Office Hour
Description: Electricity and Magnetism
Location: LECTURER'S OFFICE
Date: Wednesday, 22 November 2023
Weeks: 6-10, 12-16	
Staff: Todeschini, Grazia, Ainslie, Mark	
Zone: Strand (Main Campus)",LECTURER'S OFFICE
5CCE2ECM ELECTRICITY AND SEM1 000001/Office Hour/01,2023-11-29 14:00:00+00:00,2023-11-29 16:00:00+00:00,"Event type: Office Hour
Description: Electricity and Magnetism
Location: LECTURER'S OFFICE
Date: Wednesday, 29 November 2023
Weeks: 6-10, 12-16	
Staff: Todeschini, Grazia, Ainslie, Mark	
Zone: Strand (Main Campus)",LECTURER'S OFFICE
5CCE2ECM ELECTRICITY AND SEM1 000001/Office Hour/01,2023-12-06 14:00:00+00:00,2023-12-06 16:00:00+00:00,"Event type: Office Hour
Description: Electricity and Magnetism
Location: LECTURER'S OFFICE
Date: Wednesday, 06 December 2023
Weeks: 6-10, 12-16	
Staff: Todeschini, Grazia, Ainslie, Mark	
Zone: Strand (Main Campus)",LECTURER'S OFFICE
5CCE2MCT MECHATRONICS SEM2 000001/Lecture02/01,2024-02-05 14:00:00+00:00,2024-02-05 16:00:00+00:00,"Event type: Lecture
Description: Mechatronics
Location: STRAND BLDG S-2.18
Date: Monday, 05 February 2024
Weeks: 25-26, 28-29, 31-32	
Staff: Spyrakos, Emmanouil, Ciriello, Francesco	
Zone: Strand Building",STRAND BLDG S-2.18
5CCE2MCT MECHATRONICS SEM2 000001/Lecture02/01,2024-02-12 14:00:00+00:00,2024-02-12 16:00:00+00:00,"Event type: Lecture
Description: Mechatronics
Location: STRAND BLDG S-2.18
Date: Monday, 12 February 2024
Weeks: 25-26, 28-29, 31-32	
Staff: Spyrakos, Emmanouil, Ciriello, Francesco	
Zone: Strand Building",STRAND BLDG S-2.18
5CCE2MCT MECHATRONICS SEM2 000001/Lecture02/01,2024-02-26 14:00:00+00:00,2024-02-26 16:00:00+00:00,"Event type: Lecture
Description: Mechatronics
Location: STRAND BLDG S-2.18
Date: Monday, 26 February 2024
Weeks: 25-26, 28-29, 31-32	
Staff: Spyrakos, Emmanouil, Ciriello, Francesco	
Zone: Strand Building",STRAND BLDG S-2.18
5CCE2MCT MECHATRONICS SEM2 000001/Lecture02/01,2024-03-04 14:00:00+00:00,2024-03-04 16:00:00+00:00,"Event type: Lecture
Description: Mechatronics
Location: STRAND BLDG S-2.18
Date: Monday, 04 March 2024
Weeks: 25-26, 28-29, 31-32	
Staff: Spyrakos, Emmanouil, Ciriello, Francesco	
Zone: Strand Building",STRAND BLDG S-2.18
5CCE2MCT MECHATRONICS SEM2 000001/Lecture02/01,2024-03-18 14:00:00+00:00,2024-03-18 16:00:00+00:00,"Event type: Lecture
Description: Mechatronics
Location: STRAND BLDG S-2.18
Date: Monday, 18 March 2024
Weeks: 25-26, 28-29, 31-32	
Staff: Spyrakos, Emmanouil, Ciriello, Francesco	
Zone: Strand Building",STRAND BLDG S-2.18
5CCE2MCT MECHATRONICS SEM2 000001/Lecture02/01,2024-03-25 14:00:00+00:00,2024-03-25 16:00:00+00:00,"Event type: Lecture
Description: Mechatronics
Location: STRAND BLDG S-2.18
Date: Monday, 25 March 2024
Weeks: 25-26, 28-29, 31-32	
Staff: Spyrakos, Emmanouil, Ciriello, Francesco	
Zone: Strand Building",STRAND BLDG S-2.18
CCE YEAR 2 BREIFING SESSION/01,2024-03-19 12:00:00+00:00,2024-03-19 13:00:00+00:00,"Event type: Lecture
Location: QUAD -2.22 (NORTH)
Date: Tuesday, 19 March 2024
Weeks: 31	
Staff: Lucas, Claire	
Zone: Strand (Main Campus)",QUAD -2.22 (NORTH)
5CCE2EMP DESIGN: EMPOWER SEM1 000001/Workshop01/01,2023-09-28 09:00:00+00:00,2023-09-28 12:00:00+00:00,"Event type: Workshop
Description: Design: Empowerment
Location: QUAD -1.47 (SOUTH), QUAD -1.26 (NORTH)
Date: Thursday, 28 September 2023
Weeks: 6-10, 12-16	
Staff: Gao, Yang, Berthaume, Michael, Forte, Antonio	
Zone: Strand (Main Campus)","QUAD -1.47 (SOUTH), QUAD -1.26 (NORTH)"
5CCE2EMP DESIGN: EMPOWER SEM1 000001/Workshop01/01,2023-10-05 09:00:00+00:00,2023-10-05 12:00:00+00:00,"Event type: Workshop
Description: Design: Empowerment
Location: QUAD -1.47 (SOUTH), QUAD -1.26 (NORTH)
Date: Thursday, 05 October 2023
Weeks: 6-10, 12-16	
Staff: Gao, Yang, Berthaume, Michael, Forte, Antonio	
Zone: Strand (Main Campus)","QUAD -1.47 (SOUTH), QUAD -1.26 (NORTH)"
5CCE2EMP DESIGN: EMPOWER SEM1 000001/Workshop01/01,2023-10-12 09:00:00+00:00,2023-10-12 12:00:00+00:00,"Event type: Workshop
Description: Design: Empowerment
Location: QUAD -1.47 (SOUTH), QUAD -1.26 (NORTH)
Date: Thursday, 12 October 2023
Weeks: 6-10, 12-16	
Staff: Gao, Yang, Berthaume, Michael, Forte, Antonio	
Zone: Strand (Main Campus)","QUAD -1.47 (SOUTH), QUAD -1.26 (NORTH)"
5CCE2EMP DESIGN: EMPOWER SEM1 000001/Workshop01/01,2023-10-19 09:00:00+00:00,2023-10-19 12:00:00+00:00,"Event type: Workshop
Description: Design: Empowerment
Location: QUAD -1.47 (SOUTH), QUAD -1.26 (NORTH)
Date: Thursday, 19 October 2023
Weeks: 6-10, 12-16	
Staff: Gao, Yang, Berthaume, Michael, Forte, Antonio	
Zone: Strand (Main Campus)","QUAD -1.47 (SOUTH), QUAD -1.26 (NORTH)"
5CCE2EMP DESIGN: EMPOWER SEM1 000001/Workshop01/01,2023-10-26 09:00:00+00:00,2023-10-26 12:00:00+00:00,"Event type: Workshop
Description: Design: Empowerment
Location: QUAD -1.47 (SOUTH), QUAD -1.26 (NORTH)
Date: Thursday, 26 October 2023
Weeks: 6-10, 12-16	
Staff: Gao, Yang, Berthaume, Michael, Forte, Antonio	
Zone: Strand (Main Campus)","QUAD -1.47 (SOUTH), QUAD -1.26 (NORTH)"
5CCE2EMP DESIGN: EMPOWER SEM1 000001/Workshop01/01,2023-11-09 10:00:00+00:00,2023-11-09 13:00:00+00:00,"Event type: Workshop
Description: Design: Empowerment
Location: QUAD -1.47 (SOUTH), QUAD -1.26 (NORTH)
Date: Thursday, 09 November 2023
Weeks: 6-10, 12-16	
Staff: Gao, Yang, Berthaume, Michael, Forte, Antonio	
Zone: Strand (Main Campus)","QUAD -1.47 (SOUTH), QUAD -1.26 (NORTH)"
5CCE2EMP DESIGN: EMPOWER SEM1 000001/Workshop01/01,2023-11-16 10:00:00+00:00,2023-11-16 13:00:00+00:00,"Event type: Workshop
Description: Design: Empowerment
Location: QUAD -1.47 (SOUTH), QUAD -1.26 (NORTH)
Date: Thursday, 16 November 2023
Weeks: 6-10, 12-16	
Staff: Gao, Yang, Berthaume, Michael, Forte, Antonio	
Zone: Strand (Main Campus)","QUAD -1.47 (SOUTH), QUAD -1.26 (NORTH)"
5CCE2EMP DESIGN: EMPOWER SEM1 000001/Workshop01/01,2023-11-23 10:00:00+00:00,2023-11-23 13:00:00+00:00,"Event type: Workshop
Description: Design: Empowerment
Location: QUAD -1.47 (SOUTH), QUAD -1.26 (NORTH)
Date: Thursday, 23 November 2023
Weeks: 6-10, 12-16	
Staff: Gao, Yang, Berthaume, Michael, Forte, Antonio	
Zone: Strand (Main Campus)","QUAD -1.47 (SOUTH), QUAD -1.26 (NORTH)"
5CCE2EMP DESIGN: EMPOWER SEM1 000001/Workshop01/01,2023-11-30 10:00:00+00:00,2023-11-30 13:00:00+00:00,"Event type: Workshop
Description: Design: Empowerment
Location: QUAD -1.47 (SOUTH), QUAD -1.26 (NORTH)
Date: Thursday, 30 November 2023
Weeks: 6-10, 12-16	
Staff: Gao, Yang, Berthaume, Michael, Forte, Antonio	
Zone: Strand (Main Campus)","QUAD -1.47 (SOUTH), QUAD -1.26 (NORTH)"
5CCE2EMP DESIGN: EMPOWER SEM1 000001/Workshop01/01,2023-12-07 10:00:00+00:00,2023-12-07 13:00:00+00:00,"Event type: Workshop
Description: Design: Empowerment
Location: QUAD -1.47 (SOUTH), QUAD -1.26 (NORTH)
Date: Thursday, 07 December 2023
Weeks: 6-10, 12-16	
Staff: Gao, Yang, Berthaume, Michael, Forte, Antonio	
Zone: Strand (Main Campus)","QUAD -1.47 (SOUTH), QUAD -1.26 (NORTH)"
5CCE2EMP DESIGN: EMPOWER SEM1 000001/Drop in01/01,2023-11-28 12:00:00+00:00,2023-11-28 18:00:00+00:00,"Event type: Drop in
Description: Design: Empowerment
Location: QUAD -1.26 (NORTH)
Date: Tuesday, 28 November 2023
Weeks: 15-16	
Staff: Berthaume, Michael, Forte, Antonio	
Zone: Strand (Main Campus)",QUAD -1.26 (NORTH)
5CCE2EMP DESIGN: EMPOWER SEM1 000001/Drop in01/01,2023-12-05 12:00:00+00:00,2023-12-05 18:00:00+00:00,"Event type: Drop in
Description: Design: Empowerment
Location: QUAD -1.26 (NORTH)
Date: Tuesday, 05 December 2023
Weeks: 15-16	
Staff: Berthaume, Michael, Forte, Antonio	
Zone: Strand (Main Campus)",QUAD -1.26 (NORTH)
"CCE Engineering Career Speakers/Careers/01 <08, 13, 15>",2023-10-11 13:00:00+00:00,2023-10-11 14:00:00+00:00,"Event type: Careers Event
Location: QUAD -1.26 (NORTH)
Date: Wednesday, 11 October 2023
Weeks: 8, 13, 15	
Staff: Restuccia, Francesco	
Zone: Strand (Main Campus)",QUAD -1.26 (NORTH)
"CCE Engineering Career Speakers/Careers/01 <08, 13, 15>",2023-11-15 14:00:00+00:00,2023-11-15 15:00:00+00:00,"Event type: Careers Event
Location: QUAD -1.26 (NORTH)
Date: Wednesday, 15 November 2023
Weeks: 8, 13, 15	
Staff: Restuccia, Francesco	
Zone: Strand (Main Campus)",QUAD -1.26 (NORTH)
"CCE Engineering Career Speakers/Careers/01 <08, 13, 15>",2023-11-29 14:00:00+00:00,2023-11-29 15:00:00+00:00,"Event type: Careers Event
Location: QUAD -1.26 (NORTH)
Date: Wednesday, 29 November 2023
Weeks: 8, 13, 15	
Staff: Restuccia, Francesco	
Zone: Strand (Main Campus)",QUAD -1.26 (NORTH)
CCE Engineering Career Speakers/Careers/01 <23>,2024-01-25 15:00:00+00:00,2024-01-25 16:00:00+00:00,"Event type: Careers Event
Location: QUAD -1.47 (SOUTH), QUAD -1.26 (NORTH)
Date: Thursday, 25 January 2024
Weeks: 23	
Staff: Restuccia, Francesco	
Zone: Strand (Main Campus)","QUAD -1.47 (SOUTH), QUAD -1.26 (NORTH)"
"5CCE2ENM ENGINEERING MAT SEM1 000001/Tut/01 <06, 08-10, 12-17>",2023-09-27 08:00:00+00:00,2023-09-27 10:00:00+00:00,"Event type: Tutorial
Description: Engineering Mathematics
Location: QUAD -1.47 (SOUTH)
Date: Wednesday, 27 September 2023
Weeks: 6, 8-10, 12-17	
Staff: Lam, Hak-Keung	
Zone: Strand (Main Campus)",QUAD -1.47 (SOUTH)
"5CCE2ENM ENGINEERING MAT SEM1 000001/Tut/01 <06, 08-10, 12-17>",2023-10-11 08:00:00+00:00,2023-10-11 10:00:00+00:00,"Event type: Tutorial
Description: Engineering Mathematics
Location: QUAD -1.47 (SOUTH)
Date: Wednesday, 11 October 2023
Weeks: 6, 8-10, 12-17	
Staff: Lam, Hak-Keung	
Zone: Strand (Main Campus)",QUAD -1.47 (SOUTH)
"5CCE2ENM ENGINEERING MAT SEM1 000001/Tut/01 <06, 08-10, 12-17>",2023-10-18 08:00:00+00:00,2023-10-18 10:00:00+00:00,"Event type: Tutorial
Description: Engineering Mathematics
Location: QUAD -1.47 (SOUTH)
Date: Wednesday, 18 October 2023
Weeks: 6, 8-10, 12-17	
Staff: Lam, Hak-Keung	
Zone: Strand (Main Campus)",QUAD -1.47 (SOUTH)
"5CCE2ENM ENGINEERING MAT SEM1 000001/Tut/01 <06, 08-10, 12-17>",2023-10-25 08:00:00+00:00,2023-10-25 10:00:00+00:00,"Event type: Tutorial
Description: Engineering Mathematics
Location: QUAD -1.47 (SOUTH)
Date: Wednesday, 25 October 2023
Weeks: 6, 8-10, 12-17	
Staff: Lam, Hak-Keung	
Zone: Strand (Main Campus)",QUAD -1.47 (SOUTH)
"5CCE2ENM ENGINEERING MAT SEM1 000001/Tut/01 <06, 08-10, 12-17>",2023-11-08 09:00:00+00:00,2023-11-08 11:00:00+00:00,"Event type: Tutorial
Description: Engineering Mathematics
Location: QUAD -1.47 (SOUTH)
Date: Wednesday, 08 November 2023
Weeks: 6, 8-10, 12-17	
Staff: Lam, Hak-Keung	
Zone: Strand (Main Campus)",QUAD -1.47 (SOUTH)
"5CCE2ENM ENGINEERING MAT SEM1 000001/Tut/01 <06, 08-10, 12-17>",2023-11-15 09:00:00+00:00,2023-11-15 11:00:00+00:00,"Event type: Tutorial
Description: Engineering Mathematics
Location: QUAD -1.47 (SOUTH)
Date: Wednesday, 15 November 2023
Weeks: 6, 8-10, 12-17	
Staff: Lam, Hak-Keung	
Zone: Strand (Main Campus)",QUAD -1.47 (SOUTH)
"5CCE2ENM ENGINEERING MAT SEM1 000001/Tut/01 <06, 08-10, 12-17>",2023-11-22 09:00:00+00:00,2023-11-22 11:00:00+00:00,"Event type: Tutorial
Description: Engineering Mathematics
Location: QUAD -1.47 (SOUTH)
Date: Wednesday, 22 November 2023
Weeks: 6, 8-10, 12-17	
Staff: Lam, Hak-Keung	
Zone: Strand (Main Campus)",QUAD -1.47 (SOUTH)
"5CCE2ENM ENGINEERING MAT SEM1 000001/Tut/01 <06, 08-10, 12-17>",2023-11-29 09:00:00+00:00,2023-11-29 11:00:00+00:00,"Event type: Tutorial
Description: Engineering Mathematics
Location: QUAD -1.47 (SOUTH)
Date: Wednesday, 29 November 2023
Weeks: 6, 8-10, 12-17	
Staff: Lam, Hak-Keung	
Zone: Strand (Main Campus)",QUAD -1.47 (SOUTH)
"5CCE2ENM ENGINEERING MAT SEM1 000001/Tut/01 <06, 08-10, 12-17>",2023-12-06 09:00:00+00:00,2023-12-06 11:00:00+00:00,"Event type: Tutorial
Description: Engineering Mathematics
Location: QUAD -1.47 (SOUTH)
Date: Wednesday, 06 December 2023
Weeks: 6, 8-10, 12-17	
Staff: Lam, Hak-Keung	
Zone: Strand (Main Campus)",QUAD -1.47 (SOUTH)
"5CCE2ENM ENGINEERING MAT SEM1 000001/Tut/01 <06, 08-10, 12-17>",2023-12-13 09:00:00+00:00,2023-12-13 11:00:00+00:00,"Event type: Tutorial
Description: Engineering Mathematics
Location: QUAD -1.47 (SOUTH)
Date: Wednesday, 13 December 2023
Weeks: 6, 8-10, 12-17	
Staff: Lam, Hak-Keung	
Zone: Strand (Main Campus)",QUAD -1.47 (SOUTH)
CCE Engineering Career Speakers/Careers/01 <28>,2024-02-29 12:00:00+00:00,2024-02-29 13:00:00+00:00,"Event type: Careers Event
Location: QUAD -1.26 (NORTH), QUAD -1.47 (SOUTH)
Date: Thursday, 29 February 2024
Weeks: 28	
Staff: Restuccia, Francesco	
Zone: Strand (Main Campus)","QUAD -1.26 (NORTH), QUAD -1.47 (SOUTH)"
5CCE2ECM ELECTRICITY AND SEM1 000001/Lecture/01 <07>,2023-10-06 13:00:00+00:00,2023-10-06 15:00:00+00:00,"Event type: Lecture
Description: Electricity and Magnetism
Location: KINGS BLDG K6.29 (Anatomy Lecture Theatre)
Date: Friday, 06 October 2023
Weeks: 7	
Staff: Todeschini, Grazia	
Zone: Strand King's Building",KINGS BLDG K6.29 (Anatomy Lecture Theatre)
5CCE2ENM ENGINEERING MAT SEM1 000001/Tut/01 <07>,2023-10-04 08:00:00+00:00,2023-10-04 10:00:00+00:00,"Event type: Online Live Tutorial
Description: Engineering Mathematics
Date: Wednesday, 04 October 2023
Weeks: 7	
Staff: Lam, Hak-Keung",None
5CCE2EMP DESIGN: EMPOWER SEM1 000001/Drop in02/01,2023-11-28 13:00:00+00:00,2023-11-28 18:00:00+00:00,"Event type: Drop in
Location: QUAD -1.47 (SOUTH)
Date: Tuesday, 28 November 2023
Weeks: 15-16	
Staff: Berthaume, Michael, Forte, Antonio	
Zone: Strand (Main Campus)",QUAD -1.47 (SOUTH)
5CCE2EMP DESIGN: EMPOWER SEM1 000001/Drop in02/01,2023-12-05 13:00:00+00:00,2023-12-05 18:00:00+00:00,"Event type: Drop in
Location: QUAD -1.47 (SOUTH)
Date: Tuesday, 05 December 2023
Weeks: 15-16	
Staff: Berthaume, Michael, Forte, Antonio	
Zone: Strand (Main Campus)",QUAD -1.47 (SOUTH)
"5CCE2ECM ELECTRICITY AND SEM1 000001/Lecture/01 <06, 08-10>",2023-09-29 13:00:00+00:00,2023-09-29 15:00:00+00:00,"Event type: Lecture
Description: Electricity and Magnetism
Location: KINGS BLDG K6.29 (Anatomy Lecture Theatre)
Date: Friday, 29 September 2023
Weeks: 6, 8-10	
Staff: Ainslie, Mark	
Zone: Strand King's Building",KINGS BLDG K6.29 (Anatomy Lecture Theatre)
"5CCE2ECM ELECTRICITY AND SEM1 000001/Lecture/01 <06, 08-10>",2023-10-13 13:00:00+00:00,2023-10-13 15:00:00+00:00,"Event type: Lecture
Description: Electricity and Magnetism
Location: KINGS BLDG K6.29 (Anatomy Lecture Theatre)
Date: Friday, 13 October 2023
Weeks: 6, 8-10	
Staff: Ainslie, Mark	
Zone: Strand King's Building",KINGS BLDG K6.29 (Anatomy Lecture Theatre)
"5CCE2ECM ELECTRICITY AND SEM1 000001/Lecture/01 <06, 08-10>",2023-10-20 13:00:00+00:00,2023-10-20 15:00:00+00:00,"Event type: Lecture
Description: Electricity and Magnetism
Location: KINGS BLDG K6.29 (Anatomy Lecture Theatre)
Date: Friday, 20 October 2023
Weeks: 6, 8-10	
Staff: Ainslie, Mark	
Zone: Strand King's Building",KINGS BLDG K6.29 (Anatomy Lecture Theatre)
"5CCE2ECM ELECTRICITY AND SEM1 000001/Lecture/01 <06, 08-10>",2023-10-27 13:00:00+00:00,2023-10-27 15:00:00+00:00,"Event type: Lecture
Description: Electricity and Magnetism
Location: KINGS BLDG K6.29 (Anatomy Lecture Theatre)
Date: Friday, 27 October 2023
Weeks: 6, 8-10	
Staff: Ainslie, Mark	
Zone: Strand King's Building",KINGS BLDG K6.29 (Anatomy Lecture Theatre)
"5CCE2ECM ELECTRICITY AND SEM1 000001/Lecture/01 <12, 14-15>",2023-11-08 11:00:00+00:00,2023-11-08 13:00:00+00:00,"Event type: Lecture
Description: Electricity and Magnetism
Location: QUAD -1.26 (NORTH)
Date: Wednesday, 08 November 2023
Weeks: 12, 14-15	
Staff: Todeschini, Grazia, Ainslie, Mark	
Zone: Strand (Main Campus)",QUAD -1.26 (NORTH)
"5CCE2ECM ELECTRICITY AND SEM1 000001/Lecture/01 <12, 14-15>",2023-11-22 11:00:00+00:00,2023-11-22 13:00:00+00:00,"Event type: Lecture
Description: Electricity and Magnetism
Location: QUAD -1.26 (NORTH)
Date: Wednesday, 22 November 2023
Weeks: 12, 14-15	
Staff: Todeschini, Grazia, Ainslie, Mark	
Zone: Strand (Main Campus)",QUAD -1.26 (NORTH)
"5CCE2ECM ELECTRICITY AND SEM1 000001/Lecture/01 <12, 14-15>",2023-11-29 11:00:00+00:00,2023-11-29 13:00:00+00:00,"Event type: Lecture
Description: Electricity and Magnetism
Location: QUAD -1.26 (NORTH)
Date: Wednesday, 29 November 2023
Weeks: 12, 14-15	
Staff: Todeschini, Grazia, Ainslie, Mark	
Zone: Strand (Main Campus)",QUAD -1.26 (NORTH)
5CCE2ECM ELECTRICITY AND SEM1 000001/Lecture/01 <16>,2023-12-06 11:00:00+00:00,2023-12-06 12:30:00+00:00,"Event type: Lecture
Description: Electricity and Magnetism
Location: QUAD -2.22 (NORTH)
Date: Wednesday, 06 December 2023
Weeks: 16	
Staff: Todeschini, Grazia, Ainslie, Mark	
Zone: Strand (Main Campus)",QUAD -2.22 (NORTH)
5CCE2ECM ELECTRICITY AND SEM1 000001/Lecture/01 <13>,2023-11-15 11:00:00+00:00,2023-11-15 13:00:00+00:00,"Event type: Online Live Lecture
Description: Electricity and Magnetism
Date: Wednesday, 15 November 2023
Weeks: 13	
Staff: Todeschini, Grazia, Ainslie, Mark",None
CCE Engineering Career Speakers/Careers/01 <31>,2024-03-20 13:00:00+00:00,2024-03-20 14:00:00+00:00,"Event type: Careers Event
Location: QUAD -1.47 (SOUTH), QUAD -2.22 (NORTH)
Date: Wednesday, 20 March 2024
Weeks: 31	
Staff: Restuccia, Francesco	
Zone: Strand (Main Campus)","QUAD -1.47 (SOUTH), QUAD -2.22 (NORTH)"
5CCE2ENM-003-P1-2023/4 - Engineering Mathematics-01,2024-01-05 09:00:00+00:00,2024-01-05 11:00:00+00:00,"Event type: Examination
Description: ExCel - Gate N3 - Paper Based Exams (142)
Location: ExCel - Gate N3 - Paper Based Exams
Date: Friday, 05 January 2024
Seat: BLUE J06",ExCel - Gate N3 - Paper Based Exams
5CCE2ECM-001-P1-2023/4 - Electricity And Magnetism-01,2024-01-10 13:30:00+00:00,2024-01-10 15:30:00+00:00,"Event type: Examination
Description: ExCel - Gate N3 - Paper Based Exams (142)
Location: ExCel - Gate N3 - Paper Based Exams
Date: Wednesday, 10 January 2024
Seat: GREEN I07",ExCel - Gate N3 - Paper Based Exams
5CCE2POE-003-P1-2023/4 - Principles Of Electronics-01,2024-01-08 13:30:00+00:00,2024-01-08 15:30:00+00:00,"Event type: Examination
Description: ExCel - Gate N3 - Paper Based Exams (81)
Location: ExCel - Gate N3 - Paper Based Exams
Date: Monday, 08 January 2024
Seat: BLUE J07",ExCel - Gate N3 - Paper Based Exams
4CCE1MAT/5CCE2ECM/6CCE3EEP/7CCE4EGP MATERIALS SEM1 000001/Careers/01,2024-02-15 12:00:00+00:00,2024-02-15 13:00:00+00:00,"Event type: Careers Event
Date: Thursday, 15 February 2024
Weeks: 26	
Zone: Strand (Main Campus)",None
